type,name,label,required,hint,relevant,constraint,constraint_message,choice_filter,appearance,default,read_only,calculation,repeat_count
begin_group,SURVEY,,,,"selected(${consensus_note},'oui')",,,,,,,,
begin_group,intro,Introduction,,,,,,,,,,,
select_one admin_1,admin_1,Prï¿½ï¿½fe,TRUE,,,,,,,,,,
select_one admin_2,admin_2,Sous-prï¿½ï¿½fe,TRUE,,,,,admin1=${admin_1},,,,,
select_one admin_3,admin_3,Commune,TRUE,,,,,admin2=${admin_2},,,,,
select_one cluster,village,Localitï,TRUE,,,,,admin2=${admin_2},,,,,
end_group,intro,,,,,,,,,,,,
integer,ig_1_age,Age moyen chef de mï¿½ï¿,TRUE,,,.>15 and .<101,La personne enquï¿½ï¿½tï¿½ï¿½e doit avoir au moins 16 ans ans et moins de,,,,,,
select_one homme_femme,ig_2_sexe,Sexe enquï¿½,TRUE,,,,,,,,,,
select_one oui_non,ig_3_role,Enquï¿½ï¿½tï¿½ï¿½ chef,TRUE,,,,,,,,,,
select_one homme_femme,ig_4_sexe_chef_menage,Lien chef de mï¿½ï¿,TRUE,,"selected(${ig_3_role},'non')",,,,,,,,
integer,ig_5_age_chef_menage,Age moyen chef de mï¿½ï¿,TRUE,,"selected(${ig_3_role}, 'non')",.>11 and .<101,La chef de mï¿½ï¿½nage doit avoir entre 12 et 100 ,,,,,,
select_one statut,ig_8_statut,Status,TRUE,"Population hï¿½ï¿½te ï¿½ï¿½ï¿½ toutes les personnes qui, le temps de lï¿½ï¿½ï¿½enquï¿½ï¿½te, ne sont pas dans une situation de dï¿½ï¿½placement (inclus le retour) en raison de la crise
Population dï¿½ï¿½placï¿½ï¿½e en site et lieux de regroupement ï¿½ï¿½ï¿½ toutes les personnes qui ont ï¿½ï¿½tï¿½ï¿½ dï¿½ï¿½placï¿½ï¿½es en raison de la crise et qui rï¿½ï¿½sident actuellement dans les sites et autres lieux de regroupement
Population dï¿½ï¿½placï¿½ï¿½e en famille dï¿½ï¿½ï¿½accueil ï¿½ï¿½ï¿½ toutes les personnes qui ont ï¿½ï¿½tï¿½ï¿½ dï¿½ï¿½placï¿½ï¿½es en raison de la crise et qui rï¿½ï¿½sident aujourdï¿½ï¿½ï¿½hui en famille dï¿½ï¿½ï¿½accueil
Population retournï¿½ï¿½e ï¿½ï¿½ï¿½ toutes les personnes qui sont retournï¿½ï¿½es dans leurs zone dï¿½ï¿½ï¿½origine, cela ne signifie pas nï¿½ï¿½cessairement quï¿½ï¿½ï¿½elles ont rejoint / retrouvï¿½ï¿½e leurs maisons dï¿½ï¿½ï¿½origine, ni quï¿½ï¿½ï¿½elles sont exactement dans la mï¿½ï¿½me localitï¿½ï¿½ (certaines ayant brulï¿½ï¿½, des retournï¿½ï¿½s ont reconstruits des vitranger. Pour ï¿½ï¿½tre qualifiï¿½ï¿½ de retournï¿½ï¿½e, il y a un nï¿½ï¿½cessaire franchissement de frontiï¿½ï¿½res, entre un pays ï¿½ï¿½tranger vers la Rï¿½ï¿½publique Centrafricaine. L",,,,,,,,,
select_one RtL_IDP,ig_11_IDP_RtL,Raison principale du dï¿½ï¿½plac,TRUE,,"selected(${ig_8_statut},'IDP_site') or selected(${ig_8_statut},'IDP_FA') ",,,,,,,,
select_one length_IDP,ig_12_IDP_length_IDP,Durï¿½ï¿½e moyenne de l'ar,TRUE,,"selected(${ig_8_statut},'IDP_site') or selected(${ig_8_statut},'IDP_FA') ",,,,,,,,
select_multiple IDP_cond_retour,ig_14_IDP_cond_retour,Conditions nï¿½ï¿½cessaires pour envisager un r,TRUE,,"selected(${ig_8_statut},'IDP_site') or selected(${ig_8_statut},'IDP_FA') ","not(selected(., 'nsp') and count-selected(.)>1) and count-selected(.)<4","Merci de sï¿½ï¿½lectionner 3 rï¿½ï¿½ponses maximum et si 'je ne sais pas / prï¿½ï¿½fï¿½ï¿½re ne pas rï¿½ï¿½pondre', aucune autre rï¿½ï¿½pon",,,,,,
select_one Ret_Rapat_loc_retour,ig_16_Ret_Rapat_dest_finale_oui_non,Retournï¿½ï¿½ ou rapatriï¿½ï¿½ par arrivï¿½ï¿½e ï¿½ï¿,TRUE,,"selected(${ig_8_statut},'retourne') or selected(${ig_8_statut},'rapatrie') ",,,,,,,,
select_one Ret_Rapat_abri_origine_raison,ig_16_Ret_Rapat_abri_origine_non_raison,Raison pas encore retournï¿½ï¿½ ï¿½ï¿½ lieu,TRUE,,"selected(${ig_16_Ret_Rapat_dest_finale_oui_non},'commune_origine')",,,,,,,,
select_one Ret_Rapat_abri_origine_raison,ig_17_Ret_Rapat_dest_finale_non_raison,Raison pas encore arrivï¿½ï¿½ lieu d'or,TRUE,,"selected(${ig_16_Ret_Rapat_dest_finale_oui_non},'autre')",,,,,,,,
select_one RtR_Ret_Rapat,ig_15_RtR_Ret_Rapat,Raison principale du retour,TRUE,,"selected(${ig_8_statut},'retourne') or selected(${ig_8_statut},'rapatrie') ",count-selected(.)<4,Maximum 3 options sï¿½ï¿½lectio,,,,,,
begin_group,demo_list,Liste dï¿½ï¿½mograp,FALSE,,,field-list,,,,,,,
integer,ig_6_HH_membres_tot,Nombre moyen de personnes dans le mï¿½ï¿,TRUE,"Merci de compter tous les membres de votre mï¿½ï¿½nage uniquement, vous y compris, et toutes personnes vivant sous votre toit qui dï¿½ï¿½pendent financiï¿½ï¿½rement du mï¿½ï¿½me revenu et qui partage",,,,,,,,,
select_one oui_non_nsp,ig_9_hote_FA,Mï¿½ï¿½nage acceuillant d'autres pers,TRUE,,"not(selected(${ig_8_statut}, 'IDP_site')) and not(selected(${ig_8_statut}, 'IDP_FA'))",,,,,,,,
integer,ig_10_hote_FA_0_4,Nombre d'enfants de moins de 5 ans accueillis,TRUE,,"selected(${ig_9_hote_FA}, 'oui')",,,,,,,,
integer,ig_10_hote_FA_5_17,Nombre d'enfants entre 5 et 17 ans accueillis,TRUE,,"selected(${ig_9_hote_FA}, 'oui')",,,,,,,,
integer,ig_10_hote_FA_18plus,Nombre d'adultes accueillis,TRUE,,"selected(${ig_9_hote_FA}, 'oui')",,,,,,,,
begin repeat,hh_membres_loop,,,,,,,,,,,,${ig_6_HH_membres_tot}
calculate,hh_membres,,,,,,,,,,,position(..),
integer,age_hh,PERSONNE ${hh_membres}: Quel est l'ï¿½ï¿½ge de cette person,TRUE,"Si l'enfant a moins de 1 ans, mettre 0.",,.<= 100,Vous avez mis plus de 100 ans. Merci de vï¿½ï¿½rifier vos chif,,,,,,
integer,age_hh_months,PERSONNE ${hh_membres}: combien de mois a ce nourrison ? ,TRUE,,${age_hh} = 0,.< 12,"Entrer entre 0 et 12 . Si plus de 12 mois, entrer l'ï¿½ï¿½ge en a",,,,,,
calculate,agegrp_0_4,,TRUE,,,,,,,0,,"if(${age_hh}<5, 1, 0)",
calculate,agegrp_0_6m,,TRUE,,,,,,,0,,"if(${age_hh}<1 and ${age_hh_months}<6, 1, 0)",
calculate,agegrp_6m_4,,TRUE,,,,,,,0,,"if((${age_hh}<5 and ${age_hh}>0) or (${age_hh}<1 and ${age_hh_months}>5), 1, 0)",
calculate,agegrp_4_18,,TRUE,,,,,,,0,,"if(${age_hh} >3 and ${age_hh}<=18, 1, 0)",
calculate,agegrp_0_18,,TRUE,,,,,,,0,,"if(${age_hh}<=18, 1, 0)",
select_one homme_femme,sexe_hh,PERSONNE ${hh_membres}: Quel est le genre de cette personne ? ,TRUE,,,,,,,,,,
calculate,agegrp_0_17_femmes,,TRUE,,,,,,,0,,"if(${age_hh}<=17 and selected(${sexe_hh},'femme'), 1 , 0)",
calculate,agegrp_0_17_hommes,,TRUE,,,,,,,0,,"if(${age_hh}<=17 and selected(${sexe_hh},'homme'), 1 , 0)",
calculate,agegrp_18plus_femmes,,TRUE,,,,,,,0,,"if(${age_hh}>17 and selected(${sexe_hh},'femme'), 1 , 0)",
calculate,agegrp_18plus_hommes,,TRUE,,,,,,,0,,"if(${age_hh}>17 and selected(${sexe_hh},'homme'), 1 , 0)",
select_multiple gr_vulnerable_femmes_adultes,ig_7_gr_vulnerable_femmes_adultes,PERSONNE ${hh_membres}: Est-ce que cette personne est dans une des situations suivantes ? ,TRUE,Proposer les options de rï¿½ï¿½p,"${age_hh} > 17 and selected(${sexe_hh}, 'femme')","not(selected(.,'aucune') and count-selected(.)>1) and not(selected(., 'nsp') and count-selected(.)>1)","Si 'non' ou 'je ne sais pas / prï¿½ï¿½fï¿½ï¿½re ne pas rï¿½ï¿½pondre', aucune autre rï¿½ï¿½ponse ne do",,,,,,
select_multiple gr_vulnerable_femmes_enfants,ig_7_gr_vulnerable_femmes_enfants,PERSONNE ${hh_membres}: Est-ce que cette personne est dans une des situations suivantes ? ,TRUE,Proposer les options de rï¿½ï¿½p,"${age_hh} <= 17 and selected(${sexe_hh}, 'femme')","not(selected(.,'aucune') and count-selected(.)>1) and not(selected(., 'nsp') and count-selected(.)>1)","Si 'non' ou 'je ne sais pas / prï¿½ï¿½fï¿½ï¿½re ne pas rï¿½ï¿½pondre', aucune autre rï¿½ï¿½ponse ne do",,,,,,
select_multiple gr_vulnerable_hommes_adultes,ig_7_gr_vulnerable_hommes_adultes,PERSONNE ${hh_membres}: Est-ce que cette personne est dans une des situations suivantes ? ,TRUE,Proposer les options de rï¿½ï¿½p,"${age_hh} > 17 and selected(${sexe_hh}, 'homme')","not(selected(.,'aucune') and count-selected(.)>1) and not(selected(., 'nsp') and count-selected(.)>1)","Si 'non' ou 'je ne sais pas / prï¿½ï¿½fï¿½ï¿½re ne pas rï¿½ï¿½pondre', aucune autre rï¿½ï¿½ponse ne do",,,,,,
select_multiple gr_vulnerable_hommes_enfants,ig_7_gr_vulnerable_hommes_enfants,PERSONNE ${hh_membres}: Est-ce que cette personne est dans une des situations suivantes ? ,TRUE,Proposer les options de rï¿½ï¿½p,"${age_hh} <= 17 and selected(${sexe_hh}, 'homme')","not(selected(.,'aucune') and count-selected(.)>1) and not(selected(., 'nsp') and count-selected(.)>1)","Si 'non' ou 'je ne sais pas / prï¿½ï¿½fï¿½ï¿½re ne pas rï¿½ï¿½pondre', aucune autre rï¿½ï¿½ponse ne do",,,,,,
begin_group ,Accouchement,,,,${agegrp_0_4}>0 and ${hh_membres} = '1',,,,,,,,
select_one accouch,sante_1_accouch,PERSONNE ${hh_membres}: Oï¿½ï¿½ est-ce que cet enfant a ï¿½ï¿½tï,TRUE,,,,,,,,,,
select_one accouch_maison,sante_1_accouch_maison,Pourquoi avoir accouchï¿½ï¿½ ï¿½ï¿½ ,TRUE,,"selected(${sante_1_accouch}, 'maison')",,,,,,,,
end_group ,Accouchement,,,,,,,,,,,,
begin_group ,Maladies,,,,,,,,,,,,
select_one oui_non_nsp,sante_2_malade,PERSONNE ${hh_membres}: Cette personne a-t-elle ï¿½ï¿½tï¿½ï¿½ malade au cours des 30 dernie,TRUE,,,,,,,,,,
select_one soin_recu,sante_2_soin_recu,PERSONNE ${hh_membres}: A-t-elle reï¿½ï¿½u les soins nï¿½ï¿½ce,TRUE,,"selected(${sante_2_malade}, 'oui')",,,,,,,,
select_one soin_non_recu,sante_3_soin_non_recu,PERSONNE ${hh_membres}: Pour quelle raison n'a-t-elle pas reï¿½ï¿½u les soins nï¿½ï¿½c,TRUE,,"selected(${sante_2_soin_recu}, 'non')",,,,,,,,
select_multiple maladies_0_4,sante_4_0_4_malades,PERSONNE ${hh_membres}: De quelle(s) maladie(s) a-t-elle souffert au cours des 30 derniers jours ? ,TRUE,,"selected(${sante_2_malade}, 'oui') and ${agegrp_0_4} > 0","not(selected(., 'nsp') and count-selected(.)>1)","Si 'je ne sais pas / prï¿½ï¿½fï¿½ï¿½re ne pas rï¿½ï¿½pondre', aucune autre rï¿½ï¿½ponse ne do",,,,,,
select_multiple maladies,sante_5_5plus_malades,PERSONNE ${hh_membres}: De quelle(s) maladie(s) a-t-elle souffert au cours des 30 derniers jours ? ,TRUE,,"selected(${sante_2_malade}, 'oui') and ${agegrp_0_4} = 0","not(selected(., 'nsp') and count-selected(.)>1)","Si 'je ne sais pas / prï¿½ï¿½fï¿½ï¿½re ne pas rï¿½ï¿½pondre', aucune autre rï¿½ï¿½ponse ne do",,,,,,
end_group ,Maladies,,,,,,,,,,,,
begin_group ,nut,Nous aimerions maintenant si vous le permettez diagnostiquer si cet enfant de moins de 5 ans montre des signes de malnutrition.,,,${agegrp_6m_4} > 0,,,,,,,,
select_one oui_non,nut_1_enfant_present,PERSONNE ${hh_membres}: Est-ce que l'enfant est prï¿½ï¿½sent et puis-je observer ses pieds et prendre le tour de taille de son br,TRUE,,,,,,,,,,
integer,nut_2_muac,PERSONNE ${hh_membres}: Merci d'enregistrer la MUAC pour l'enfant (sur le bras gauche!) le plus prï¿½ï¿½cisement poss,TRUE,"Enroulez le ruban autour du bras de lï¿½ï¿½ï¿½enfant (ni trop serrï¿½ï¿½, ni trop lï¿½ï¿½che). 
Lire le chiffre, au millimï¿½ï¿½tre prï¿½ï¿½s qui apparaï¿½ï¿½t dans le trou de la bandelette ; indiquï¿½ï¿½ par les flï¿½ï¿½ches.
Entrez le chiffre en MILLIMETRES (ex :","selected(${nut_1_enfant_present}, 'oui')",. >50 and .<200,C'est trï¿½ï¿½s peu probable que le tour de bras mesure moins de 50mm ou plus de 200mm pour un enfant de moins de 5 ans. Merci de vï¿½ï¿½rifier vot,,,,,,
select_one oui_non_nsp,nut_1_oedem,PERSONNE ${hh_membres}: A OBSERVER : l'enfant a-t-il des oedï¿½ï¿½mes sur les pie,TRUE,"Pressez vos deux pouces sur le dessus des deux pieds de lï¿½ï¿½ï¿½enfant, au moins 3 secondes. Lï¿½ï¿½chez. Si un trou reste, alors","selected(${nut_1_enfant_present}, 'oui')",,,,,,,,
end_group ,nut,,,,,,,,,,,,
begin_group ,education,,,,${agegrp_4_18} > 0,,,,,,,,
select_one oui_non_nsp,educ_2_inscrit_18_19,PERSONNE ${hh_membres}: Est-ce que cette personne ï¿½ï¿½tait inscrite dans une ï¿½ï¿½cole durant lï¿½ï¿½ï¿½annï¿½ï¿½e scolaire qui vient de se ,TRUE,,,,,,,,,,
calculate,educ_2_inscrit_18_19_non,,,,,,,,,,,"if(selected(${educ_2_inscrit_18_19},'non'), 1 , 0)",
select_one niveau_scolaire,educ_2_inscrit_18_19_level,PERSONNE ${hh_membres}: Dans quel niveau ï¿½ï¿½tait-elle inscrite pour lï¿½ï¿½ï¿½annï¿½ï¿½e sco,TRUE,,"selected(${educ_2_inscrit_18_19}, 'oui')",,,,,,,,
select_one educ_presence,educ_3_presence_18_19,PERSONNE ${hh_membres}: Et ï¿½ï¿½tait-elle souvent prï¿½ï¿½sente ï¿½ï¿½ lï¿½ï¿½ï¿½ ï¿½ï¿½cole durant lï¿½ï¿½ï¿½annï¿½,TRUE,,"selected(${educ_2_inscrit_18_19}, 'oui')",,,,,,,,
calculate,educ_3_presence_18_19_non,,,,,,,,,,,"if(selected(${educ_3_presence_18_19},'3M_6M') or selected(${educ_3_presence_18_19},'0M_3M') or selected(${educ_3_presence_18_19},'0M'), 1 , 0)",
end_group ,education,,,,,,,,,,,,
select_one educ_enfant_handi,educ_4_handi_acces,PERSONNE ${hh_membres}: Comment percevez-vous lï¿½ï¿½ï¿½accï¿½ï¿½s ï¿½ï¿½ lï¿½ï¿½ï¿½ï¿½ï¿½ducation pour cet enfa,TRUE,,"(selected(${ig_7_gr_vulnerable_femmes_enfants}, 'handi_phy') or selected(${ig_7_gr_vulnerable_femmes_enfants}, 'handi_ment') or selected(${ig_7_gr_vulnerable_hommes_enfants}, 'handi_phy') or selected(${ig_7_gr_vulnerable_hommes_enfants}, 'handi_ment')) and ${agegrp_4_18} > 0",,,,,,,,
select_one oui_non,protect_9,PERSONNE ${hh_membres}: Est-ce qu'elle travaille actuellement ou contribue aux activitï¿½ï¿½s professionnelles de la fami,TRUE,,"${agegrp_4_18} > 0 and (selected(${educ_2_inscrit_18_19}, 'non') or selected(${educ_3_presence_18_19}, '3M_6M') or selected(${educ_3_presence_18_19}, '0M_3M') or selected(${educ_3_presence_18_19}, '0M'))",,,,,,,,
select_multiple type_activite_4_18,protect_10 ,PERSONNE ${hh_membres}: Dans quel type de travail est-elle impliquï¿½ï¿,TRUE,,"selected(${protect_9},'oui') ","not(selected(., 'nsp') and count-selected(.)>1)","Si 'je ne sais pas / prï¿½ï¿½fï¿½ï¿½re ne pas rï¿½ï¿½pondre', aucune autre rï¿½ï¿½ponse ne do",,,,,,
end repeat,hh_membres_loop,,,,,,,,,,,,
integer,sum_ig_7_gr_vulnerable.aucune,Nombre de personnes sans vulnï¿½ï¿½rab,,,,,,,,,,,
integer,sum_ig_7_gr_vulnerable.FE,Nombre de femmes enceintes,Fille enceinte,,,,,,,,,,
integer,sum_ig_7_gr_vulnerable.FA,Nombre de femmes allaitantes,Fille allaitante,,,,,,,,,,
integer,sum_ig_7_gr_vulnerable.handi_phy,Nombre de personnes avec un handicap physique,Enfant sï¿½ï¿½parï¿½ï¿½ - qui avait dï¿½ï¿½jï¿½ï¿½ un lien avec votre mï¿½ï¿½nage (famille ,,,,,,,,,,
integer,sum_ig_7_gr_vulnerable.handi_ment,Nombre de personnes avec un handicap mental,Enfant non-accompagnï¿½ï¿½ - sans lien aucun avec votre mï¿½ï¿½nage (famille ï¿½ï¿½loignï¿½ï,,,,,,,,,,
integer,sum_ig_7_gr_vulnerable.handi,Nombre de personnes avec un handicap (mental ou physique),"Personne avec un handicap physique - qui n'est pas en mesure de prendre soin d'elle-mï¿½ï¿½me (s'habiller, se laver, etc), de travailler ou d'ï¿½ï¿½tudier. Elle n'est pas ",,,,,,,,,,
integer,sum_ig_7_gr_vulnerable.ES,Nombre d'enfants sï¿½ï¿½,"Personne avec un handicap mental - qui a un trouble de comportement (Personne qui bavarde beaucoup, dis ou fait des choses qui nï¿½ï¿½ï¿½ont pas de sens, trï¿½ï¿½s agitï¿½ï¿½e, agressif ; trop calme ou renfermï¿½ï¿½ sur lui-mï¿½ï¿½me ",,,,,,,,,,
integer,sum_ig_7_gr_vulnerable.ENA,Nombre d'enfants non-accompagnï¿,,,,,,,,,,,
integer,sum_ig_7_gr_vulnerable.nsp,Ne sait pas ou ne veut pas rï¿½ï¿½p,,,,,,,,,,,
select_one oui_non,protect_9_auMoinsUnVul,Au moins une personne vulnï¿½ï¿½,,,,,,,,,,,
integer,sum_protect_10.agric,Nombre moyen d'enfant travaillant en agriculture,,,,,,,,,,,
integer,sum_protect_10.peche,Nombre moyen d'enfant travaillant en pï¿½ï,,,,,,,,,,,
integer,sum_protect_10.elevage,Nombre moyen d'enfant travaillant en ï¿½ï¿½l,,,,,,,,,,,
integer,sum_protect_10.carriere,Nombre moyen d'enfant travaillant en carriï¿½ï¿½re,,,,,,,,,,,
integer,sum_protect_10.petit_commerce,Nombre moyen d'enfant travaillant en petit commerce,,,,,,,,,,,
integer,sum_protect_10.restauration,Nombre moyen d'enfant travaillant en restauration,,,,,,,,,,,
integer,sum_protect_10.artisanat,Nombre moyen d'enfant travaillant en artisanat,,,,,,,,,,,
integer,sum_protect_10.travaux_domestiques,Nombre moyen d'enfant travaillant en travaux domestiques,,,,,,,,,,,
integer,sum_protect_10.construction,Nombre moyen d'enfant travaillant en construction,,,,,,,,,,,
integer,sum_protect_10.transport,Nombre moyen d'enfant travaillant en transport,,,,,,,,,,,
integer,sum_protect_10.recrutes,Nombre moyen d'enfant travaillant en recrut groupe armï¿,,,,,,,,,,,
integer,sum_protect_10.prostitution,Nombre moyen d'enfant travaillant en prostitution,,,,,,,,,,,
integer,sum_protect_10.autre,Nombre moyen d'enfant travaillant en agriculture,,,,,,,,,,,
integer,sum_protect_10.nsp,Nombre moyen d'enfant travaillant Ne sait pas ou Ne veut pas rï¿½ï¿½p,,,,,,,,,,,
calculate,sum_educ_2_inscrit_18_19_non,Nombre moyen d'enfant non-inscrits,,,,,,,,,,sum(${educ_2_inscrit_18_19_non}),
calculate,sum_educ_3_presence_18_19_non,Nombre moyen d'enfants non-prï¿½ï¿½,,,,,,,,,,sum(${educ_3_presence_18_19_non}),
calculate,sum_agegrp_4_18,Nombre moyen d'enfants entre 4 et 18 ans,,,,,,,,,,sum(${agegrp_4_18}),
calculate,sum_agegrp_0_17_femmes,Nombre moyen de filles (0-17ans),,,,,,,,,,sum(${agegrp_0_17_femmes}),
calculate,sum_agegrp_0_17_hommes,Nombre moyen de garï¿½ï¿½ons (0-1,,,,,,,,,,sum(${agegrp_0_17_hommes}),
calculate,sum_agegrp_18plus_femmes,Nombre moyen d'hommes  (18ans et plus),,,,,,,,,,sum(${agegrp_18plus_femmes}),
calculate,sum_agegrp_18plus_hommes,Nombre moyen d'hommes  (18ans et plus),,,,,,,,,,sum(${agegrp_18plus_hommes}),
end_group,demo_list,,,,,,,,,,,,
begin_group ,education_2,,,,,,,,,,,,
select_one educ_acces,educ_5_ecole_acces_1,1ï¿½ï¿½re barriï¿½ï¿½re accï¿½ï¿½,TRUE,,${sum_educ_2_inscrit_18_19_non} > 0 or ${sum_educ_3_presence_18_19_non} > 0,,,,,,,,
select_one educ_acces,educ_5_ecole_acces_2,2ï¿½ï¿½me barriï¿½ï¿½re accï¿½ï¿½,,,${sum_educ_2_inscrit_18_19_non} > 0 or ${sum_educ_3_presence_18_19_non} > 0,,,name != ${educ_5_ecole_acces_1},,,,,
select_one educ_acces,educ_5_ecole_acces_3,3ï¿½ï¿½me barriï¿½ï¿½re (accï¿½ï¿½s,,,${sum_educ_2_inscrit_18_19_non} > 0 or ${sum_educ_3_presence_18_19_non} > 0,,,name != ${educ_5_ecole_acces_1} and name != ${educ_5_ecole_acces_2},,,,,
integer,sum_educ_2_inscrit_18_19.filles_7_12,Nombre moyen de filles (7 ï¿½ï¿½ 12 ans) inscrites ï¿½ï,,,,,,,,,,,
integer,sum_educ_2_inscrit_18_19.filles_13_18,Nombre moyen de filles (13 ï¿½ï¿½ 18ans) inscrites ï¿½ï,,,,,,,,,,,
integer,sum_educ_2_inscrit_18_19.garcons_7_12,Nombre moyen de garï¿½ï¿½ons (7 ï¿½ï¿½ 12 ans) inscrits,,,,,,,,,,,
integer,sum_educ_2_inscrit_18_19.garcons_13_18,Nombre moyen de garï¿½ï¿½ons (13 ï¿½ï¿½ 18 ans) inscrits,,,,,,,,,,,
integer,sum_educ_3_presence_18_19.filles_7_12.12m,Nombre moyen de filles (7 ï¿½ï¿½ 12 ans) prï¿½ï¿½sentes tou,,,,,,,,,,,
integer,sum_educ_3_presence_18_19.filles_7_12.6m_12m,Nombre moyen de filles (7 ï¿½ï¿½ 12 ans) prï¿½ï¿½sentes au moins la moitiï¿,,,,,,,,,,,
integer,sum_educ_3_presence_18_19.filles_7_12.3m_6m,Nombre moyen de filles (7 ï¿½ï¿½ 12 ans) prï¿½ï¿½sentes entre 3,,,,,,,,,,,
integer,sum_educ_3_presence_18_19.filles_7_12.0m_3m,Nombre moyen de filles (7 ï¿½ï¿½ 12 ans) prï¿½ï¿½sentes moins ,,,,,,,,,,,
integer,sum_educ_3_presence_18_19.filles_7_12.0m,Nombre moyen de filles (7 ï¿½ï¿½ 12 ans) prï¿½ï¿½sentes jamai,,,,,,,,,,,
integer,sum_educ_3_presence_18_19.filles_13_18.12m,Nombre moyen de filles (13 ï¿½ï¿½ 18 ans) prï¿½ï¿½sentes tou,,,,,,,,,,,
integer,sum_educ_3_presence_18_19.filles_13_18.6m_12m,Nombre moyen de filles (13 ï¿½ï¿½ 18 ans) prï¿½ï¿½sentes au moins la moitiï¿,,,,,,,,,,,
integer,sum_educ_3_presence_18_19.filles_13_18.3m_6m,Nombre moyen de filles (13 ï¿½ï¿½ 18 ans) prï¿½ï¿½sentes entre 3,,,,,,,,,,,
integer,sum_educ_3_presence_18_19.filles_13_18.0m_3m,Nombre moyen de filles (13 ï¿½ï¿½ 18 ans) prï¿½ï¿½sentes moins ,,,,,,,,,,,
integer,sum_educ_3_presence_18_19.filles_13_18.0m,Nombre moyen de filles (13 ï¿½ï¿½ 18 ans) prï¿½ï¿½sentes jamai,,,,,,,,,,,
integer,sum_educ_3_presence_18_19.garcons_7_12.12m,Nombre moyen de garï¿½ï¿½ons (7 ï¿½ï¿½ 12 ans) prï¿½ï¿½sent,,,,,,,,,,,
integer,sum_educ_3_presence_18_19.garcons_7_12.6m_12m,Nombre moyen de garï¿½ï¿½ons (7 ï¿½ï¿½ 12 ans) prï¿½ï¿½sents au moins la mo,,,,,,,,,,,
integer,sum_educ_3_presence_18_19.garcons_7_12.3m_6m,Nombre moyen de garï¿½ï¿½ons (7 ï¿½ï¿½ 12 ans) prï¿½ï¿½sents en,,,,,,,,,,,
integer,sum_educ_3_presence_18_19.garcons_7_12.0m_3m,Nombre moyen de garï¿½ï¿½ons (7 ï¿½ï¿½ 12 ans) prï¿½ï¿½sents m,,,,,,,,,,,
integer,sum_educ_3_presence_18_19.garcons_7_12.0m,Nombre moyen de garï¿½ï¿½ons (7 ï¿½ï¿½ 12 ans) prï¿½ï¿½sents ,,,,,,,,,,,
integer,sum_educ_3_presence_18_19.garcons_13_18.12m,Nombre moyen de garï¿½ï¿½ons (13 ï¿½ï¿½ 18 ans) prï¿½ï¿½sent,,,,,,,,,,,
integer,sum_educ_3_presence_18_19.garcons_13_18.6m_12m,Nombre moyen de garï¿½ï¿½ons (13 ï¿½ï¿½ 18 ans) prï¿½ï¿½sents au moins la mo,,,,,,,,,,,
integer,sum_educ_3_presence_18_19.garcons_13_18.3m_6m,Nombre moyen de garï¿½ï¿½ons (13 ï¿½ï¿½ 18 ans) prï¿½ï¿½sents en,,,,,,,,,,,
integer,sum_educ_3_presence_18_19.garcons_13_18.0m_3m,Nombre moyen de garï¿½ï¿½ons (13 ï¿½ï¿½ 18 ans) prï¿½ï¿½sents m,,,,,,,,,,,
integer,sum_educ_3_presence_18_19.garcons_13_18.0m,Nombre moyen de garï¿½ï¿½ons (13 ï¿½ï¿½ 18 ans) prï¿½ï¿½sents ,,,,,,,,,,,
integer,sum_educ_4_handi_acces.descol_autre,Nombre moyen d'enfants en situation d'handicap  pour une raison autre que leur handicap,,,,,,,,,,,
integer,sum_educ_4_handi_acces.descol_acces,Nombre moyen d'enfants en situation d'handicap  car l'accï¿½ï¿½s est impos,,,,,,,,,,,
integer,sum_educ_4_handi_acces.descol_enseignement,Nombre moyen d'enfants en situation d'handicap car enseignement pas adaptï,,,,,,,,,,,
integer,sum_educ_4_handi_acces.scol_non_opti,Nombre moyen d'enfants en situation d'handicap s'adaptant ï¿½ï¿½ des conditions non-opti,,,,,,,,,,,
integer,sum_educ_4_handi_acces.scol_ok,Nombre moyen d'enfants en situation d'handicap s'adaptant ï¿½ï¿½ l'aise avec condi,,,,,,,,,,,
integer,sum_educ_4_handi_acces.autre,Nombre moyen d'enfants en situation d'handicap dans autres,,,,,,,,,,,
end_group ,education_2,,,,,,,,,,,,
begin_group ,NFI,,,,,,,,,,,,
begin group,item_list_oui_non,,,Vï¿½ï¿½rifiez/observez si possi,,,,field-list,,,,,
select_one oui_non,bache,Possession bï¿½ï,TRUE,,,,,,yes,,,,
select_one nb_titre,kit_cuisine,Possession kit cuisine complet,TRUE,"Suffisamment de tasses, de couverts et d'assiettes pour tous les membres du mï¿½ï¿",,,,,yes,,,,
select_one nb_famille,habits_femmes_enfants,Possession habits pour les membres du mï¿½ï¿,TRUE,,,,,,yes,,,,
select_one nb_famille,doc_legale,Possession documentation lï¿½ï¿½gale d'identitï¿½ï¿½ (un extrait dï¿½ï¿½ï¿½acte de naissance ou une carte dï¿½ï¿½ï¿½identitï¿½ï¿½) ,TRUE,Un par membre du mï¿½ï¿½n,,,,,yes,,,,
integer,doc_legale_nb_filles,Nombre moyen de filles (0-17 ans) avec documents lï¿½ï¿,TRUE,,"selected(${doc_legale},'incomp') and ${sum_agegrp_0_17_femmes} > 0",.>=0 and .<=${sum_agegrp_0_17_femmes} ,Nombre entre 0 et nombre total de filles dans le mï¿½ï¿½nages (= ${sum_agegrp_0_17_femm,,,,,,
integer,doc_legale_nb_garcons,Nombre moyen de garï¿½ï¿½ons (0-17 ans) avec documents l,TRUE,,"selected(${doc_legale},'incomp') and ${sum_agegrp_0_17_hommes} > 0",.>=0 and .<=${sum_agegrp_0_17_hommes} ,Nombre entre 0 et nombre total de garï¿½ï¿½ons dans le mï¿½ï¿½nage (= ${sum_agegrp_0_17,,,,,,
integer,doc_legale_nb_femmes,Nombre moyen de femmes (18 ans et plus) avec documents lï¿½ï¿,TRUE,,"selected(${doc_legale},'incomp') and ${sum_agegrp_18plus_femmes} > 0",.>=0 and .<=${sum_agegrp_18plus_femmes} ,Nombre entre 0 et nombre total de femmes dans le mï¿½ï¿½nage (= ${sum_agegrp_18plus_femm,,,,,,
integer,doc_legale_nb_hommes,Nombre moyen d'hommes (18 ans et plus) avec documents lï¿½ï¿,TRUE,,"selected(${doc_legale},'incomp') and ${sum_agegrp_18plus_hommes} > 0",.>=0 and .<=${sum_agegrp_18plus_hommes} ,Nombre entre 0 et nombre total d'hommes dans le mï¿½ï¿½nage (= ${sum_agegrp_18plus_homm,,,,,,
select_one nb_titre,doc_propriete,Titre de propriï¿½ï¿½tï¿½ï¿½ pour l'ensemble des biens et p,TRUE,,,,,,yes,,,,
select_one nb_cccm,semence,Possession semence,TRUE,,,,,,yes,,,,
select_one nb_cccm,outils_aratoires,Possession outils aratoire,TRUE,,,,,,yes,,,,
select_one oui_non,cendres,Possession cendres pour le lavage des mains,TRUE,,,,,,yes,,,,
end_group ,item_list_oui_non,,,,,,,,,,,,
begin_group,item_list_scoreNFI,,,Mettre 0 si le mï¿½ï¿½nage ne possï¿½ï¿½de pas l'article. Vï¿½ï¿½rifiez/observe,,,,field-list,,,,,
integer,savon_toilette_azur,Nombre moyen de savons de toilette,TRUE,,,,,,yes,,,,
integer,savon_lessive,Nombre moyen de savons de lessive,TRUE,,,,,,yes,,,,
integer,pot,Nombre moyen de pots pour bï¿½,TRUE,,,,,,yes,,,,
integer,gobelet,Nombre moyen de gobelets de 250 ml ,TRUE,,,,,,yes,,,,
integer,serviette_hyg,Nombre moyen de serviettes hygiï¿½ï¿½,TRUE,,,,,,yes,,,,
integer,bidons_cap,Capacitï¿½ï¿½ moyenne totale des bidons (li,TRUE,"Bidons, marmites et autres utilisï¿½ï¿½s pour le puisage et stockage de ",,.>=0 and .<=200,">= 0, Max. 200 lt",,yes,,,,
integer,nb_seaux,Nombre moyen de seaux avec couvercle,TRUE,,,.>=0 and .<=100,">= 0, Max. 100",,yes,,,,
integer,nb_mousticaire,Nombre moyen de moustiquaires,TRUE,,,.>=0 and .<=100,">= 0, Max. 100",,yes,,,,
integer,moust_pp,Nombre moyen de moustiquaires par personnes dans le mï¿½ï¿,,,,,,,,,,,
integer,nb_casseroles,Nombre moyen de casseroles et marmites (5 litres et +),TRUE,,,.>=0 and .<=100,">= 0, Max. 100",,yes,,,,
integer,nb_couchage,"Nombre moyen de supports de couchage (lits, matelas, nattes)",TRUE,,,.>=0 and .<=100,">= 0, Max. 100",,yes,,,,
integer,sup_couchage_pp,"Nombre moyen de supports de couchage (lits, matelas, nattes) par personnes",,,,,,,,,,,
integer,nb_draps,Nombre moyen de couvertures/ draps,TRUE,,,.>=0 and .<=100,">= 0, Max. 100",,yes,,,,
integer,draps_pp,Nombre moyen de couvertures/ draps par personnes,,,,,,,,,,,
integer,nb_kitcuisine,A un kit cuisine,,,,,,,,,,,
integer,nb_bache,A bï¿½ï,,,,,,,,,,,
integer,nb_habits,A habits pour le mï¿½ï¿,,,,,,,,,,,
integer,nb_doc_legal,A documents lï¿½ï¿½gaux pour le m,,,,,,,,,,,
integer,nb_doc_prop,A titre de propriï¿½ï¿½tï¿½ï¿½ pour l'ensemble,,,,,,,,,,,
integer,nb_semance,A semence,,,,,,,,,,,
integer,nb_outils_aratoires,A outils aratoires,,,,,,,,,,,
integer,nb_cendres,A cendres,,,,,,,,,,,
integer,sum_item_list,Somme de possession d'articles essentiels,,,,,,,,,,,
integer,score_bidons,Score bidons,,,,,,,,,,,
integer,score_seau,Score seau,,,,,,,,,,,
integer,score_moust,Score moustiquaire,,,,,,,,,,,
integer,score_casserole,Score casserole,,,,,,,,,,,
integer,score_draps,Score draps,,,,,,,,,,,
integer,score_couchage,Score couchage,,,,,,,,,,,
integer,score_nfi,Score NFI,,,,,,,,,,,
select_one oui_non,SPHERE_NFI,Standards SPHERE NFI atteints,,,,,,,,,,,
end_group ,item_list_scoreNFI,,,,,,,,,,,,
end_group ,NFI,,,,,,,,,,,,
begin_group ,NFI_Abris_CCCM,NFI/Abris/CCCM,,,,,,,,,,,
select_one type_abri,nfi_2_type_abri,Type d'abirs utilisï,TRUE,,,,,,,,,,
select_one oui_non_nsp,nfi_propr_abri_propre,Propriï¿½ï¿½tï¿½ï¿½ de l'a,TRUE,,"not(selected(${nfi_2_type_abri},'aucun'))",,,,,,,,
select_one propr_abri,nfi_propr_abri,"Si pas propriï¿½ï¿½taire, type d'arrang",TRUE,(Lire les propositions),"selected(${nfi_propr_abri_propre}, 'non')",,,,,,,,
integer ,nfi_4_personnes_abri,Nombre moyen de personnes dormant dans abris,TRUE,,,,,,,,,,
integer ,nfi_5_taille_abri,Taille moyenne des abris (en m2),TRUE,,,,,,,,,,
integer ,taille_abri_pp,Taille moyenne des abris (en m2) par personnes,,,,,,,,,,,
end_group ,NFI_Abris_CCCM,,,,,,,,,,,,
begin_group ,MSSC,Nous allons maintenant vous poser des questions concernant vos moyens d'existence. Soyez le plus prï¿½ï¿½cis possible s'il vous p,,,,,,,,,,,
select_one revenu,mssc_1_revenu,Revenus mensuels moyen,TRUE,"Inclure toutes les sources de revenus, y compris les emprunts et les dons",,,,,,,,,
select_one source_rev,mssc_2_source_rev_1,1ï¿½ï¿½re source de r,TRUE,,,,,,,,,,
select_one source_rev,mssc_2_source_rev_2,2ï¿½ï¿½me source de r,,,"not(selected(${mssc_2_source_rev_1}, 'nsp'))",,,name != ${mssc_2_source_rev_1},,,,,
select_one source_rev,mssc_2_source_rev_3,3ï¿½ï¿½me source de r,,,"not(selected(${mssc_2_source_rev_1}, 'nsp')) or not(selected(${mssc_2_source_rev_2}, 'nsp'))",,,name != ${mssc_2_source_rev_1} and name != ${mssc_2_source_rev_2},,,,,
begin group,mssc_3_dep_30J,Combien avez-vous dï¿½ï¿½pensï¿½ï¿½ pour acquï¿½ï¿½rir les biens et/ou services au cours des 30 de,,"Dï¿½ï¿½pense estimï¿½ï¿½e en XAF pour chacune des catï¿½ï¿½gories (si aucune dï¿",,,,,,,,,
integer,mssc_3_dep_30J_alim,Dï¿½ï¿½penses mensuelles moyennes au cours des 30 derniers jours en: Articles aliment,TRUE,,,,,,yes,,,,
integer,mssc_3_dep_30J_elec,Dï¿½ï¿½penses mensuelles moyennes au cours des 30 derniers jours en: Electr,TRUE,,,,,,yes,,,,
integer,mssc_3_dep_30J_eau,Dï¿½ï¿½penses mensuelles moyennes au cours des 30 derniers jours en,TRUE,,,,,,yes,,,,
integer,mssc_3_dep_30J_logement,Dï¿½ï¿½penses mensuelles moyennes au cours des 30 derniers jours en: Logement / Loc,TRUE,,,,,,yes,,,,
integer,mssc_3_dep_30J_tel,Dï¿½ï¿½penses mensuelles moyennes au cours des 30 derniers jours en: Tï¿½ï¿½lï¿½ï¿½phone /,TRUE,,,,,,yes,,,,
integer,mssc_3_dep_30J_comb,Dï¿½ï¿½penses mensuelles moyennes au cours des 30 derniers jours en: Combustible : bois / charbon de bois / pï¿½ï¿½trole lampant / ,TRUE,,,,,,yes,,,,
integer,mssc_3_dep_30J_transport,"Dï¿½ï¿½penses mensuelles moyennes au cours des 30 derniers jours en: Transport (dï¿½ï¿½placement, voyage, carburant, dï¿½ï¿½pense pour les v",TRUE,,,,,,yes,,,,
integer,mssc_3_dep_30J_hyg,Dï¿½ï¿½penses mensuelles moyennes au cours des 30 derniers jours en: Savon / produits dï¿½ï¿½ï¿½entretien et de nettoyage / Hygiï¿½ï¿½ne ,TRUE,,,,,,yes,,,,
integer,mssc_3_dep_30J_tabac_alc,Dï¿½ï¿½penses mensuelles moyennes au cours des 30 derniers jours en: Tabac/A,TRUE,,,,,,yes,,,,
calculate,mssc_3_depense_totale,,,,,,,,,,,"${mssc_3_dep_30J_alim} + ${mssc_3_dep_30J_elec} + ${mssc_3_dep_30J_eau} + ${mssc_3_dep_30J_logement} + ${mssc_3_dep_30J_tel} + ${mssc_3_dep_30J_comb} + ${mssc_3_dep_30J_transport} + ${mssc_3_dep_30J_hyg} + ${mssc_3_dep_30J_tabac_alc}
",
calculate,mssc_1_revenu_total_max,,,,,,,,,,,"if(selected(${mssc_1_revenu}, 'none'),0, if(selected(${mssc_1_revenu}, '1_50000'), 50000, if(selected(${mssc_1_revenu}, '50001_100000'), 100000,  if(selected(${mssc_1_revenu}, '100001_150000'), 150000, if(selected(${mssc_1_revenu}, '150001_200000'), 200000, if(selected(${mssc_1_revenu}, '200001_300000'), 300000, if(selected(${mssc_1_revenu}, '300001_500000'), 500000, 100000000)))))))",
end_group ,mssc_3_dep_30J,,,,,,,,,,,,
begin group,mssc_4_dep_6M,Combien avez-vous dï¿½ï¿½pensï¿½ï¿½ pour acquï¿½ï¿½rir les biens et/ou services au cours des 6 ,,"Dï¿½ï¿½pense estimï¿½ï¿½e en XAF pour chacune des catï¿½ï¿½gories (si aucune dï¿",,,,,,,,,
integer,mssc_4_dep_6M_sante,Dï¿½ï¿½penses moyennes au cours des 6 derniers mois en: Dï¿½ï¿½penses mï¿½ï¿½,TRUE,,,,,,yes,,,,
integer,mssc_4_dep_6M_vet,"Dï¿½ï¿½penses moyennes au cours des 6 derniers mois en: Vï¿½ï¿½tements, ",TRUE,,,,,,yes,,,,
integer,mssc_4_dep_6M_educ,"Dï¿½ï¿½penses moyennes au cours des 6 derniers mois en: Education, frais de scol",TRUE,,,,,,yes,,,,
integer,mssc_4_dep_6M_dettes,Dï¿½ï¿½penses moyennes au cours des 6 derniers mois en: Remboursement de ,TRUE,,,,,,yes,,,,
integer,mssc_4_dep_6M_construction_log,Dï¿½ï¿½penses moyennes au cours des 6 derniers mois en: Construction / Rï¿½ï¿½paration d,TRUE,,,,,,yes,,,,
integer,mssc_4_dep_6M_fete,Dï¿½ï¿½penses moyennes au cours des 6 derniers mois en: Evï¿½ï¿½nements sociaux / ,TRUE,,,,,,yes,,,,
integer,mssc_4_dep_6M_intr_agr,"Dï¿½ï¿½penses moyennes au cours des 6 derniers mois en: Intrants agricoles (semences, engrais, pestic",TRUE,,,,,,yes,,,,
integer,mssc_4_dep_6M_intr_el,"Dï¿½ï¿½penses moyennes au cours des 6 derniers mois en: Intrants ï¿½ï¿½levage (aliment bï¿½ï¿½tail, produits vï¿½ï¿½tï¿½ï¿½ri",TRUE,,,,,,yes,,,,
end_group ,mssc_4_dep_6M,,,,,,,,,,,,
select_one oui_non_nsp,mssc_6_membres_assoc,"Membre de l'association ou groupement (AVEC, tontine, EPC, etc) ? ",TRUE,,,,,,,,,,
select_one oui_non_nsp,mssc_7_acces_forma_prof,Accï¿½ï¿½s ï¿½ï¿½ une initiative de formation professionnelle mï¿½ï¿½tier 90,TRUE,,,,,,,,,,
end_group ,MSSC,,,,,,,,,,,,
begin_group ,SecAl,,,,,,,,,,,,
begin_group ,FCS,,,,,,,,,,,,
integer,secal_1_cereales,"Nombre de jours consommï¿½ï¿½s Cï¿½ï¿½rï¿½ï¿½ales, Raci",TRUE,"Sorgho, mil, maï¿½ï¿½s, blï¿½ï¿½, riz, pain/galette, beignets, farine, pï¿½ï¿½tes alimentaire, manioc, pomme de terre, patates douces, ignames, et au",,.>= 0 and .<=7,"Chiffre entre 0 et 7. (Si l'aliment est consommï¿½ï¿½ plusieurs fois par jour, comptez qu'une seule f",,,,,,
select_one source_aliment,secal_2_cereales,"Cï¿½ï¿½rï¿½ï¿½ales, Racines, tubercules ",TRUE,"Sorgho, mil, maï¿½ï¿½s, blï¿½ï¿½, riz, pain/galette, beignets, farine, pï¿½ï¿½tes alimentaire, manioc, pomme de terre, patates douces, ignames, et au",${secal_1_cereales} > 0,,,,,,,,
integer,secal_1_legumineuse,Nombre de jours consommï¿½ï¿½s: Lï¿½ï¿½gumineu,TRUE,"Haricots, arachides, lentilles, amande, et/ou autre noix",,.>= 0 and .<=7,"Chiffre entre 0 et 7. (Si l'aliment est consommï¿½ï¿½ plusieurs fois par jour, comptez qu'une seule f",,,,,,
select_one source_aliment,secal_2_legumineuse,Lï¿½ï¿½gumineuses / noix : prove,TRUE,"Haricots, arachides, lentilles, amande, et/ou autre noix",${secal_1_legumineuse} > 0,,,,,,,,
integer,secal_1_lait,Nombre de jours consommï¿½ï¿½s: Lait et autres produits lai,TRUE,"Lait frais / aigri, yaourt, fromage, autre produits laitiers SAUF margarine / beurre ou de petites quantitï¿½ï¿½s de lait pour le thï¿½ï¿½ / cafï¿½ï¿½ (Lait en poudreï¿½ï¿½: seulement si des verres de lait en po",,.>= 0 and .<=7,"Chiffre entre 0 et 7. (Si l'aliment est consommï¿½ï¿½ plusieurs fois par jour, comptez qu'une seule f",,,,,,
select_one source_aliment,secal_2_lait,Lait et autres produits laitiers: provenance,TRUE,"Lait frais / aigri, yaourt, fromage, autre produits laitiers SAUF margarine / beurre ou de petites quantitï¿½ï¿½s de lait pour le thï¿½ï¿½ / cafï¿½ï¿½ (Lait en poudreï¿½ï¿½: seulement si des verres de lait en po",${secal_1_lait} > 0,,,,,,,,
integer,secal_1_viande,"Nombre de jours consommï¿½ï¿½s: Viande, Poisson,",TRUE,"Chï¿½ï¿½vres, mouton, bï¿½ï¿½uf, poulets, fruits de mer, thon en boite, chenilles, term",,.>= 0 and .<=7,"Chiffre entre 0 et 7. (Si l'aliment est consommï¿½ï¿½ plusieurs fois par jour, comptez qu'une seule f",,,,,,
select_one source_aliment,secal_2_viande,"Viande, Poisson, ï¿½ï¿½ufs: prove",TRUE,"Chï¿½ï¿½vres, mouton, bï¿½ï¿½uf, poulets, fruits de mer, thon en boite, chenilles, term",${secal_1_viande} > 0,,,,,,,,
integer,secal_1_legumes,Nombre de jours consommï¿½ï¿½s: Lï¿½ï¿½gumes et feuil,TRUE,"Carotte, poivron rouge, citrouille,  oignon, tomates, concombre, haricot vert, petit pois, champignon, etc.",,.>= 0 and .<=7,"Chiffre entre 0 et 7. (Si l'aliment est consommï¿½ï¿½ plusieurs fois par jour, comptez qu'une seule f",,,,,,
select_one source_aliment,secal_2_legumes,Lï¿½ï¿½gumes et feuilles vertes: prove,TRUE,"Carotte, poivron rouge, citrouille,  oignon, tomates, concombre, haricot vert, petit pois, champignon, etc.",${secal_1_legumes} > 0,,,,,,,,
integer,secal_1_fruits,Nombre de jours consommï¿½ï¿½s: F,TRUE,"Mangue, papaye, banane, pomme, citron, mandarine, orange, goyave, etc.",,.>= 0 and .<=7,"Chiffre entre 0 et 7. (Si l'aliment est consommï¿½ï¿½ plusieurs fois par jour, comptez qu'une seule f",,,,,,
select_one source_aliment,secal_2_fruits,Fruits: Nombre de jours consommï¿,TRUE,"Mangue, papaye, banane, pomme, citron, mandarine, orange, goyave, etc.",${secal_1_fruits} > 0,,,,,,,,
integer,secal_1_huile,Nombre de jours consommï¿½ï¿½s: Huile / gras / b,TRUE,"Huile de cuisson, beurre de karitï¿½ï¿½, margarine, autres gras/",,.>= 0 and .<=7,"Chiffre entre 0 et 7. (Si l'aliment est consommï¿½ï¿½ plusieurs fois par jour, comptez qu'une seule f",,,,,,
select_one source_aliment,secal_2_huile,Huile / gras / beurre: provenance,TRUE,"Huile de cuisson, beurre de karitï¿½ï¿½, margarine, autres gras/",${secal_1_huile} > 0,,,,,,,,
integer,secal_1_sucre,Nombre de jours consommï¿½ï¿½s: Sucre ou produits s,TRUE,"Miel, confiture, beignets, bonbons, biscuits, pï¿½ï¿½tisseries, gï¿½ï¿½teaux et autre prod",,.>= 0 and .<=7,"Chiffre entre 0 et 7. (Si l'aliment est consommï¿½ï¿½ plusieurs fois par jour, comptez qu'une seule f",,,,,,
select_one source_aliment,secal_2_sucre,Sucre ou produits sucrï¿½ï¿½: prove,TRUE,"Miel, confiture, beignets, bonbons, biscuits, pï¿½ï¿½tisseries, gï¿½ï¿½teaux et autre prod",${secal_1_sucre} > 0,,,,,,,,
integer,secal_1_epices,Nombre de jours consommï¿½ï¿½s: Epices / condi,TRUE,"Thï¿½ï¿½, cafï¿½ï¿½/cacao, sel, ail, ï¿½ï¿½pices, levure/poudre ï¿½ï¿½ pï¿½ï¿½te, tomate/sauce piquante, autres condiments y compris petite quantitï",,.>= 0 and .<=7,"Chiffre entre 0 et 7. (Si l'aliment est consommï¿½ï¿½ plusieurs fois par jour, comptez qu'une seule f",,,,,,
select_one source_aliment,secal_2_epices,Epices / condiments: provenance,TRUE,"Thï¿½ï¿½, cafï¿½ï¿½/cacao, sel, ail, ï¿½ï¿½pices, levure/poudre ï¿½ï¿½ pï¿½ï¿½te, tomate/sauce piquante, autres condiments y compris petite quantitï",${secal_1_epices} > 0,,,,,,,,
calculate,FCS_score,,,,,,,,,,,${secal_1_cereales}*2 + ${secal_1_legumineuse}*3 + ${secal_1_lait}*4 + ${secal_1_viande}*4 + ${secal_1_legumes}*1 + ${secal_1_fruits}*1 + ${secal_1_huile}*0.5 + ${secal_1_sucre}*0.5,
end_group ,FCS,,,,,,,,,,,,
begin_group ,HHS,,,,,,,,,,,,
select_one oui_non_nsp,secal_3_HHS,"Au cours des 30 derniers jours,  aucun aliment ï¿½ï¿½ manger ï¿½ï¿½ la maison, de quelque nature que ce soit, ï¿½ï¿½ cause du manqu",TRUE,,,,,,,,,,
select_one HHS,secal_3_HHS_nb,Nombre de jours moyen aucun aliment ï¿½ï¿½ manger ï¿½ï¿½,TRUE,,"selected(${secal_3_HHS}, 'oui')",,,,,,,,
select_one oui_non_nsp,secal_4_HHS,"Au cours des 30 derniers jours, membre du mï¿½ï¿½nage obligï¿½ï¿½ de dormir affamï¿½ï¿½ le soir parce qu'il n'y avait pas asse",TRUE,,,,,,,,,,
select_one HHS,secal_4_HHS_nb,Nombre de jours moyen membres du mï¿½ï¿½nages obligï¿½ï¿½s de dorm,TRUE,,"selected(${secal_4_HHS}, 'oui')",,,,,,,,
select_one oui_non_nsp,secal_5_HHS,"Au cours des 30 derniers jours,  membre du mï¿½ï¿½nage passï¿½ï¿½ un jour et une nuit entiers sans rien manger parce qu'il n'y avait pas assez de ",TRUE,,,,,,,,,,
select_one HHS,secal_5_HHS_nb,Nombre de jours membre du mï¿½ï¿½nage pasï¿½ï¿½ un jour et une nuit entiers sans r,TRUE,,"selected(${secal_5_HHS}, 'oui')",,,,,,,,
end_group ,HHS,,,,,,,,,,,,
select_one oui_non_nsp,secal_6_agric,Pratique optimale agriculture cette annï¿,TRUE,,,,,,,,,,
select_one acces_agric_raisons,secal_6_agric_raisons_1,1ï¿½ï¿½re raison agriculture non-opt,TRUE,,"selected(${secal_6_agric}, 'non')",,,,,,,,
select_one acces_agric_raisons,secal_6_agric_raisons_2,2ï¿½ï¿½me raison  agriculture non-opt,,,"selected(${secal_6_agric}, 'non')",,,name != ${secal_6_agric_raisons_1},,,,,
select_one acces_agric_raisons,secal_6_agric_raisons_3,3ï¿½ï¿½me raison agriculture non-opt,,,"selected(${secal_6_agric}, 'non')",,,name != ${secal_6_agric_raisons_1} and name != ${secal_6_agric_raisons_2},,,,,
select_one acces_marche,secal_9_acces_marche,Marchï¿½ï¿½ fonctionnel ï¿½ï¿½ promixitï¿½ï¿½ les 7,,,,,,,,,,,
end_group ,SecAl,,,,,,,,,,,,
begin_group ,EHA,Nous allons maintenant vous poser des questions concernant vos habitudes sur votre consommation d'eau et votre hygiï¿½ï¿½ne quotidienne. Soyez le plus prï¿½ï¿½cis possible s'il v,,,,,,,,,,,
begin_group ,EAU,EAU,,,,,,,,,,,
select_multiple source_eau,wash_1_source_boisson,Sources d'eau principales utilisï¿½ï¿½ pour ,TRUE,,,"not(selected(., 'nsp') and count-selected(.)>1)","Si 'je ne sais pas / prï¿½ï¿½fï¿½ï¿½re ne pas rï¿½ï¿½pondre', aucune autre rï¿½ï¿½ponse ne do",,,,,,
select_one oui_non,source_amelioree,Mï¿½ï¿½nages utilisant une source d'eau amï¿,,,,,,,,,,,
select_multiple source_eau,wash_2_source_autre_usage,"Sources d'eau principales utilisï¿½ï¿½ pour les autres usages (pour cuisiner, pour des raisons hygiï¿½ï¿½niques, pour se laver",TRUE,,,,,,,,,,
select_one temps_d_acces,wash_4_temps,"Temps moyen pour rejoindre  source d'eau principale, rï¿½ï¿½cupï¿½ï¿½rer l'eau et revenir (incluant le temps d'attente ï¿",TRUE,,,,,,,,,,
select_one oui_non_nsp,wash_5_saison_seche,Principale source d'eau disponible durant la saison sï¿½ï¿½che et la saison des p,TRUE,,,,,,,,,,
integer,wash_6_nb_bidons,"Nombre moyen de rï¿½ï¿½cipients  utilisï¿½ï¿½ hier pour collecter de l'eau utilisï¿½ï¿½e ï¿½ï¿½ des fins domestiques (boire, manger,",TRUE,,,,,,,,,,
begin repeat,nb_bidons,,,,,,,,,,,,${wash_6_nb_bidons}
calculate,theloopcount,,,,,,,,,,,position(..),
integer,wash_6_volume_recipient,Quelle est la capacitï¿½ï¿½ en litre du rï¿½ï¿½cipient numï¿½ï¿½ro ${t,TRUE,Entrer la capacitï¿½ï¿½ totale du rï¿½ï¿½cipient,,.>= 0 and.<=500,">0, Max. 500 litres",,,,,,
integer,wash_7_frequence_recipient,Combien de fois le rï¿½ï¿½cipient numï¿½ï¿½ro ${theloopcount} a-t-il ï,TRUE,Entrer le nombre de fois que les rï¿½ï¿½cipients ont ï¿½ï¿½,,,,,,,,,
calculate,volume_total_par_recipient,,,,,,,,,,,${wash_6_volume_recipient}*${wash_7_frequence_recipient},
end repeat,nb_bidons,,,,,,,,,,,,
calculate,volume_total_recipients,Volume total moyen des rï¿½ï¿½cipients de collecte de ,,,,,,,,,,sum(${volume_total_par_recipient}),
calculate,volume_total_recipients_pp,Quantitï¿½ï¿½ dï¿½ï¿½ï¿½eau moyenne utilisï¿½ï¿½e par jour et par pe,,,,,,,,,,${volume_total_recipients} div ${ig_6_HH_membres_tot},
select_one eau_insuff_raison,wash_9_insuff_raisons_1,1ï¿½ï¿½re raison manque d'accï¿½ï¿,TRUE,,${volume_total_recipients_pp} < 15,,,,,,,,
select_one eau_insuff_raison,wash_9_insuff_raisons_2,2ï¿½ï¿½me raison manque d'accï¿½ï¿,,,"${volume_total_recipients_pp} < 15 and not(selected(${wash_9_insuff_raisons_1}, 'nsp')) and not(selected(${wash_9_insuff_raisons_1}, 'aucune'))",,,name != ${wash_9_insuff_raisons_1},,,,,
select_one eau_insuff_raison,wash_9_insuff_raisons_3,3ï¿½ï¿½me raison manque d'accï¿½ï¿,,,"${volume_total_recipients_pp} < 15 and not(selected(${wash_9_insuff_raisons_1}, 'nsp')) and not(selected(${wash_9_insuff_raisons_1}, 'aucune')) and not(selected(${wash_9_insuff_raisons_2}, 'nsp')) and not(selected(${wash_9_insuff_raisons_2}, 'aucune'))",,,name != ${wash_9_insuff_raisons_1} and name != ${wash_9_insuff_raisons_2},,,,,
select_multiple certains_groupes,wash_9_insuff_raisons_certains_groupes,Certains groupes n'ont pas accï¿½ï¿½s aux sources d,,,${wash_9_insuff_raisons_1} ='inacc_pr_certains_groupes' or ${wash_9_insuff_raisons_2} ='inacc_pr_certains_groupes' or ${wash_9_insuff_raisons_3} ='inacc_pr_certains_groupes',,,,,,,,
end_group ,EAU,,,,,,,,,,,,
begin_group ,SANITAIRE,Infrastructures sanitaires (toilettes / latrines),,,,,,,,,,,
select_one infra_sanit,wash_10_infra_sanit,Type d'infrastructure sanitaire (latrine ou toilettes) utilisï,TRUE,,,,,,,,,,
select_one oui_non_nsp,wash_11_sanit_partagee,Partage un infrastructure sanitaire (latrines ou toilettes) avec plus de 20 personnes,TRUE,,"selected(${wash_10_infra_sanit}, 'latrine_acceptable') or selected(${wash_10_infra_sanit}, 'latrine_non_acceptable')",,,,,,,,
select_one oui_non_nsp,wash_12_sanit_partagee_par_genre,Latrines communautaires utilisï¿½ï¿½es  sï¿½ï¿½parï¿½ï¿½es par genr,TRUE,,"selected(${wash_11_sanit_partagee}, 'oui')",,,,,,,,
select_one oui_non_nsp,wash_13_sanit_partagee_espace_femmes,Latrines communautaires utilisï¿½ï¿½es comprennent un espace rï¿½ï¿½servï¿½ï¿½ aux femmes pour leur hygi,TRUE,,"selected(${wash_11_sanit_partagee}, 'oui')",,,,,,,,
select_one acces_suffisant,wash_14_suffisant,Accï¿½ï¿½s actuel aux installations sanitaires suffisant pour rï¿½ï¿½pondre aux besoins essentiels des membres,TRUE,,,,,,,,,,
select_one latrine_insuff_raison,wash_15_insuff_raisons_1,1ï¿½ï¿½re raison manque accï¿½ï¿½s ,TRUE,,"selected(${wash_14_suffisant}, 'juste_assez') or selected(${wash_14_suffisant}, 'insuff') or selected(${wash_14_suffisant}, 'pas_suff_du_tout') ",,,,,,,,
select_one latrine_insuff_raison,wash_15_insuff_raisons_2,2ï¿½ï¿½me raison manque accï¿½ï¿½s ,,,"(selected(${wash_14_suffisant}, 'juste_assez') or selected(${wash_14_suffisant}, 'insuff') or selected(${wash_14_suffisant}, 'pas_suff_du_tout')) and not(selected(${wash_15_insuff_raisons_1}, 'nsp')) and not(selected(${wash_15_insuff_raisons_1}, 'aucune'))",,,name != ${wash_15_insuff_raisons_1},,,,,
select_one latrine_insuff_raison,wash_15_insuff_raisons_3,3ï¿½ï¿½me raison manque accï¿½ï¿½s ,,,"(selected(${wash_14_suffisant}, 'juste_assez') or selected(${wash_14_suffisant}, 'insuff') or selected(${wash_14_suffisant}, 'pas_suff_du_tout')) and not(selected(${wash_15_insuff_raisons_1}, 'nsp')) and not(selected(${wash_15_insuff_raisons_1}, 'aucune')) and not(selected(${wash_15_insuff_raisons_2}, 'nsp')) and not(selected(${wash_15_insuff_raisons_2}, 'aucune'))",,,name != ${wash_15_insuff_raisons_1} and name != ${wash_15_insuff_raisons_2},,,,,
select_one certains_groupes,wash_15_insuff_raisons_certains_groupes, Certains groupes n'ont pas accï¿½ï¿½s aux sources dï¿½ï¿½ï¿½eau: aux toilett,,,${wash_15_insuff_raisons_1} ='inacc_pr_certains_groupes' or ${wash_15_insuff_raisons_2} ='inacc_pr_certains_groupes' or ${wash_15_insuff_raisons_3} ='inacc_pr_certains_groupes',,,,,,,,
end_group ,SANITAIRE,,,,,,,,,,,,
begin_group ,HYGIENE,Lavage de main,,,,,,,,,,,
select_multiple lavage_main_moment,wash_18_lavage_main_moment,Moments pour le lavage des mains,TRUE,"Ne pas lire les rï¿½ï¿½ponses, mais laisser le rï¿½ï¿½pondant se rappeler de tous l",,"not(selected(., 'nsp') and count-selected(.)>1)","Si 'je ne sais pas / prï¿½ï¿½fï¿½ï¿½re ne pas rï¿½ï¿½pondre', aucune autre rï¿½ï¿½ponse ne do",,,,,,
select_multiple lavage_main_moyens,wash_19_lavage_main_moyens,Moyens pour le lavage des mains,TRUE,,,,,,,,,,
select_one oui_non,lavage_mains_MomentsCles_Savon,Se lave les mains ï¿½ï¿½ au moins 3 moments clï¿½ï¿½s avec du savon ou de,,,,,,,,,,,
end_group ,HYGIENE,,,,,,,,,,,,
begin_group ,environmental_sanit,Visibilitï¿½ï¿½ autour de votre logement des ï¿½ï¿½lï¿½ï¿½ments suivants (30 mï,,,,,,,,,,,
select_one oui_non_nsp,wash_20_dechets,Des dï¿½ï¿½chets solides ou ordures prï,TRUE,,,,,,,,,,
select_one oui_non_nsp,wash_20_excrements,Des excrï¿½ï¿½ments humains prï,TRUE,,,,,,,,,,
select_one oui_non_nsp,wash_20_eau_stagnante,De l'eau stagnante prï¿½ï¿½,TRUE,,,,,,,,,,
select_one oui_non_nsp,wash_20_animaux_morts,Des animaux morts prï¿½ï¿½,TRUE,,,,,,,,,,
select_one oui_non_nsp,wash_20_rongeurs,Des rongeurs prï¿½ï¿½,TRUE,,,,,,,,,,
select_one oui_non_nsp,wash_20_autres,Autres ï¿½ï¿½lï¿½ï¿½ments malsain,TRUE,,,,,,,,,,
end_group ,environmental_sanit,,,,,,,,,,,,
select_one wash_inquiet,wash_21_wash_inquiet_1,1ï¿½ï¿½re inquiï¿½ï¿,TRUE,,,,,,,,,,
select_one wash_inquiet,wash_21_wash_inquiet_2,2ï¿½ï¿½me inquiï¿½ï¿,,,"not(selected(${wash_21_wash_inquiet_1}, 'nsp')) and not(selected(${wash_21_wash_inquiet_1}, 'aucune'))",,,name != ${wash_21_wash_inquiet_1},,,,,
select_one wash_inquiet,wash_21_wash_inquiet_3,3ï¿½ï¿½me inquiï¿½ï¿,,,"not(selected(${wash_21_wash_inquiet_1}, 'nsp')) and not(selected(${wash_21_wash_inquiet_1}, 'aucune')) and not(selected(${wash_21_wash_inquiet_2}, 'nsp')) and not(selected(${wash_21_wash_inquiet_2}, 'aucune'))",,,name != ${wash_21_wash_inquiet_1} and name != ${wash_21_wash_inquiet_2},,,,,
end_group ,EHA,, ,,,,,,,,,,
begin_group ,Deces,,,,,,,,,,,,
select_one oui_non_nsp,sante_5_deces,Nombre moyen membre dï¿½ï¿,TRUE,,,,,,,,,,
select_one deces_relation,sante_5_deces_relation,Relation ï¿½ï¿½ la personne dï,,,"selected(${sante_5_deces}, 'oui')",,,,,,,,
integer,sante_5_deces_age,Age personne dï¿½ï¿½,,,"selected(${sante_5_deces}, 'oui')",,,,,,,,
select_one homme_femme,sante_5_deces_sexe,Genre personne dï¿½ï¿½,,,"selected(${sante_5_deces}, 'oui')",,,,,,,,
select_one deces_cause,sante_5_deces_cause,Cause dï¿½ï,,,"selected(${sante_5_deces}, 'oui')",,,,,,,,
integer,sum_sante_1_accouch_cs,Nombre moyen d'enfants accouchï¿½ï¿½s en centre de ,,,,,,,,,,,
integer,sum_sante_1_accouch_maison,Nombre moyen d'enfants accouchï¿½ï¿½s ï¿½ï¿½,,,,,,,,,,,
integer,sum_sante_1_accouch_autre,Nombre moyen d'enfants accouchï¿½ï¿½s autre,,,,,,,,,,,
integer,sum_sante_1_accouch_nsp,Nombre moyen d'enfants accouchï¿½ï¿½s Ne  sait pas ou ne veut pas rï¿,,,,,,,,,,,
integer,sum_sante_2_malade_oui,Nombre moyen de membres du mï¿½ï¿½nage malade dans les 30 derniers ,,,,,,,,,,,
integer,sum_sante_2_malade_non,Nombre moyen de membres du mï¿½ï¿½nage pas malade dans les 30 derniers ,,,,,,,,,,,
integer,sum_sante_2_malade_nsp,Nombre moyen de membres du mï¿½ï¿½nage dont on ignore s'ils ont ï¿½ï¿½tï¿½ï¿½ malades dans les 30,,,,,,,,,,,
integer,sum_sante_2_soin_recu_oui_cs,Nombre moyen de personnes malades dans le mï¿½ï¿½nage ayant reï¿½ï¿½u des soins en centr,,,,,,,,,,,
integer,sum_sante_2_soin_recu_oui_maison,Nombre moyen de personnes malades dans le mï¿½ï¿½nage ayant reï¿½ï¿½u des soins ï,,,,,,,,,,,
integer,sum_sante_2_soin_recu_oui_autre,Nombre moyen de personnes malades dans le mï¿½ï¿½nage ayant reï¿½ï¿½u des soins dans un aut,,,,,,,,,,,
integer,sum_sante_2_soin_recu_non,Nombre moyen de personnes malades dans le mï¿½ï¿½nage n'ayant pas reï¿½ï¿½,,,,,,,,,,,
integer,sum_sante_3_soin_non_recu_infra_detruite_ca,Nombre moyen de personnes dans le mï¿½ï¿½nage n'ayant pas reï¿½ï¿½u des soins car les infrastructures ï¿½ï¿½taient dï¿½ï¿½tru,,,,,,,,,,,
integer,sum_sante_3_soin_non_recu_infra_detruite_nat,Nombre moyen de personnes dans le mï¿½ï¿½nage n'ayant pas reï¿½ï¿½u des soins car les infrastructures ï¿½ï¿½taient dï¿½ï¿½truites par cat,,,,,,,,,,,
integer,sum_sante_3_soin_non_recu_infra_inexis,Nombre moyen de personnes dans le mï¿½ï¿½nage n'ayant pas reï¿½ï¿½u des soins car les infrastructures ï¿½ï¿½taie,,,,,,,,,,,
integer,sum_sante_3_soin_non_recu_infra_trop_loin,Nombre moyen de personnes dans le mï¿½ï¿½nage n'ayant pas reï¿½ï¿½u des soins car les infrastructures ï¿½ï¿½t,,,,,,,,,,,
integer,sum_sante_3_soin_non_recu_insecurite,Nombre moyen de personnes dans le mï¿½ï¿½nage n'ayant pas reï¿½ï¿½u des soins ï¿½ï¿½ cause ,,,,,,,,,,,
integer,sum_sante_3_soin_non_recu_medic_indisp,Nombre moyen de personnes dans le mï¿½ï¿½nage n'ayant pas reï¿½ï¿½u des soins car les mï¿½ï¿½dicaments ï¿½ï¿½,,,,,,,,,,,
integer,sum_sante_3_soin_non_recu_qualite_trop_faible,Nombre moyen de personnes dans le mï¿½ï¿½nage n'ayant pas reï¿½ï¿½u des soins car la qualitï¿½ï¿½ des soins ,,,,,,,,,,,
integer,sum_sante_3_soin_non_recu_staff_indisp,Nombre moyen de personnes dans le mï¿½ï¿½nage n'ayant pas reï¿½ï¿½u des soins car le staff ï¿½ï¿½ta,,,,,,,,,,,
integer,sum_sante_3_soin_non_recu_trop_cher,Nombre moyen de personnes dans le mï¿½ï¿½nage n'ayant pas reï¿½ï¿½u des soins car les soins ï¿½ï¿½ta,,,,,,,,,,,
integer,sum_sante_3_soin_non_recu_non_autre,Nombre moyen de personnes dans le mï¿½ï¿½nage n'ayant pas reï¿½ï¿½u des s,,,,,,,,,,,
integer,sum_sante_3_soin_non_recu_nsp,Nombre moyen de personnes dans le mï¿½ï¿½nage n'ayant pas reï¿½ï¿½u des soins N,,,,,,,,,,,
integer,sum_sante_4_0_4_malades_autre_filles,Au moins une fille (0-4 ans) avec Autre maladie 30 derniers jours,,,,,,,,,,,
integer,sum_sante_4_0_4_malades_autre_garcons,Au moins un garï¿½ï¿½on (0-4 ans) avec Autre maladie 30 derniers ,,,,,,,,,,,
integer,sum_sante_4_0_4_malades_diarrhee_filles,Au moins une fille (0-4 ans) avec Diarrhï¿½ï¿½e 30 derniers ,,,,,,,,,,,
integer,sum_sante_4_0_4_malades_diarrhee_garcons,Au moins un garï¿½ï¿½on (0-4 ans) avec Diarrhï¿½ï¿½e 30 dern,,,,,,,,,,,
integer,sum_sante_4_0_4_malades_toux_filles,Au moins une fille (0-4 ans) avec Toux 30 derniers jours,,,,,,,,,,,
integer,sum_sante_4_0_4_malades_toux_garcons,Au moins un garï¿½ï¿½on (0-4 ans) avec Toux 30 derniers ,,,,,,,,,,,
integer,sum_sante_4_0_4_malades_fievre_filles,Au moins une fille (0-4 ans) avec Fiï¿½ï¿½vre  30 derniers ,,,,,,,,,,,
integer,sum_sante_4_0_4_malades_fievre_garcons,Au moins un garï¿½ï¿½on (0-4 ans) avec Fiï¿½ï¿½vre  30 dern,,,,,,,,,,,
integer,sum_sante_4_0_4_malades_oui_nsp_filles,Au moins une fille (0-4 ans) avec Ne sait pas  30 derniers jours,,,,,,,,,,,
integer,sum_sante_4_0_4_malades_oui_nsp_garcons,Au moins un garï¿½ï¿½on (0-4 ans) avec Ne sait pas  30 derniers ,,,,,,,,,,,
integer,sum_sante_5_5plus_malades.palu_femmes_5_17,Au moins une fille (5-17 ans) avec Paludisme 30 derniers jours,,,,,,,,,,,
integer,sum_sante_5_5plus_malades.palu_femmes_18plus,Au moins une femme (18 ans et plus) avec Paludisme 30 derniers jours,,,,,,,,,,,
integer,sum_sante_5_5plus_malades.palu_garcons_5_17,Au moins un garï¿½ï¿½on (5-17 ans) avec Paludisme 30 derniers ,,,,,,,,,,,
integer,sum_sante_5_5plus_malades.palu_garcons_18plus,Au moins un hommes (18 ans et plus) avec Paludisme 30 derniers jours,,,,,,,,,,,
integer,sum_sante_5_5plus_malades.infec_resp_femmes_5_17,Au moins une fille (5-17 ans) avec Maladie infectieuse respiratoire 30 derniers jours,,,,,,,,,,,
integer,sum_sante_5_5plus_malades.infec_resp_femmes_18plus,Au moins une femme (18 ans et plus) avec Maladie infectieuse respiratoire 30 derniers jours,,,,,,,,,,,
integer,sum_sante_5_5plus_malades.infec_resp_garcons_5_17,Au moins un garï¿½ï¿½on (5-17 ans) avec Maladie infectieuse respiratoire 30 derniers ,,,,,,,,,,,
integer,sum_sante_5_5plus_malades.infec_resp_garcons_18plus,Au moins un hommes (18 ans et plus) avec Maladie infectieuse respiratoire 30 derniers jours,,,,,,,,,,,
integer,sum_sante_5_5plus_malades.diarrhee_femmes_5_17,Au moins une fille (5-17 ans) avec Diarrhï¿½ï¿½e 30 derniers ,,,,,,,,,,,
integer,sum_sante_5_5plus_malades.diarrhee_femmes_18plus,Au moins une femme (18 ans et plus) avec Diarrhï¿½ï¿½e 30 derniers ,,,,,,,,,,,
integer,sum_sante_5_5plus_malades.diarrhee_garcons_5_17,Au moins un garï¿½ï¿½on (5-17 ans) avec Diarrhï¿½ï¿½e 30 dern,,,,,,,,,,,
integer,sum_sante_5_5plus_malades.diarrhee_garcons_18plus,Au moins un hommes (18 ans et plus) avec Diarrhï¿½ï¿½e 30 derniers ,,,,,,,,,,,
integer,sum_sante_5_5plus_malades.rougeole_femmes_5_17,Au moins une fille (5-17 ans) avec Rougeole 30 derniers jours,,,,,,,,,,,
integer,sum_sante_5_5plus_malades.rougeole_femmes_18plus,Au moins une femme (18 ans et plus) avec Rougeole 30 derniers jours,,,,,,,,,,,
integer,sum_sante_5_5plus_malades.rougeole_garcons_5_17,Au moins un garï¿½ï¿½on (5-17 ans) avec Rougeole 30 derniers ,,,,,,,,,,,
integer,sum_sante_5_5plus_malades.rougeole_garcons_18plus,Au moins un hommes (18 ans et plus) avec Rougeole 30 derniers jours,,,,,,,,,,,
integer,sum_sante_5_5plus_malades.hepat_femmes_5_17,Au moins une fille (5-17 ans) avec Hï¿½ï¿½patite 30 derniers ,,,,,,,,,,,
integer,sum_sante_5_5plus_malades.hepat_femmes_18plus,Au moins une femme (18 ans et plus) avec Hï¿½ï¿½patite 30 derniers ,,,,,,,,,,,
integer,sum_sante_5_5plus_malades.hepat_garcons_5_17,Au moins un garï¿½ï¿½on (5-17 ans) avec Hï¿½ï¿½patite 30 dern,,,,,,,,,,,
integer,sum_sante_5_5plus_malades.hepat_garcons_18plus,Au moins un hommes (18 ans et plus) avec Hï¿½ï¿½patite 30 derniers ,,,,,,,,,,,
integer,sum_sante_5_5plus_malades.cholera_femmes_5_17,Au moins une fille (5-17 ans) avec Cholï¿½ï¿½ra 30 derniers ,,,,,,,,,,,
integer,sum_sante_5_5plus_malades.cholera_femmes_18plus,Au moins une femme (18 ans et plus) avec Cholï¿½ï¿½ra 30 derniers ,,,,,,,,,,,
integer,sum_sante_5_5plus_malades.cholera_garcons_5_17,Au moins un garï¿½ï¿½on (5-17 ans) avec Cholï¿½ï¿½ra 30 dern,,,,,,,,,,,
integer,sum_sante_5_5plus_malades.cholera_garcons_18plus,Au moins un hommes (18 ans et plus) avec Cholï¿½ï¿½ra 30 derniers ,,,,,,,,,,,
integer,sum_sante_5_5plus_malades.vih_sida_femmes_5_17,Au moins une fille (5-17 ans) avec VIH-SIDA 30 derniers jours,,,,,,,,,,,
integer,sum_sante_5_5plus_malades.vih_sida_femmes_18plus,Au moins une femme (18 ans et plus) avec VIH-SIDA 30 derniers jours,,,,,,,,,,,
integer,sum_sante_5_5plus_malades.vih_sida_garcons_5_17,Au moins un garï¿½ï¿½on (5-17 ans) avec VIH-SIDA 30 derniers ,,,,,,,,,,,
integer,sum_sante_5_5plus_malades.vih_sida_garcons_18plus,Au moins un hommes (18 ans et plus) avec VIH-SIDA 30 derniers jours,,,,,,,,,,,
integer,sum_sante_5_5plus_malades.mening_femmes_5_17,Au moins une fille (5-17 ans) avec Mï¿½ï¿½ningite 30 derniers ,,,,,,,,,,,
integer,sum_sante_5_5plus_malades.mening_femmes_18plus,Au moins une femme (18 ans et plus) avec Mï¿½ï¿½ningite 30 derniers ,,,,,,,,,,,
integer,sum_sante_5_5plus_malades.mening_garcons_5_17,Au moins un garï¿½ï¿½on (5-17 ans) avec Mï¿½ï¿½ningite 30 dern,,,,,,,,,,,
integer,sum_sante_5_5plus_malades.mening_garcons_18plus,Au moins un hommes (18 ans et plus) avec Mï¿½ï¿½ningite 30 derniers ,,,,,,,,,,,
integer,sum_sante_5_5plus_malades.autre_femmes_5_17,Au moins une fille (5-17 ans) avec Mï¿½ï¿½ningite 30 derniers ,,,,,,,,,,,
integer,sum_sante_5_5plus_malades.autre_femmes_18plus,Au moins une femme (18 ans et plus) avec Mï¿½ï¿½ningite 30 derniers ,,,,,,,,,,,
integer,sum_sante_5_5plus_malades.autre_garcons_5_17,Au moins un garï¿½ï¿½on (5-17 ans) avec Mï¿½ï¿½ningite 30 dern,,,,,,,,,,,
integer,sum_sante_5_5plus_malades.autre_garcons_18plus,Au moins un hommes (18 ans et plus) avec Mï¿½ï¿½ningite 30 derniers ,,,,,,,,,,,
integer,sum_sante_5_5plus_malades.nsp_femmes_5_17,Au moins une fille (5-17 ans) avec Ne sait pas 30 derniers jours,,,,,,,,,,,
integer,sum_sante_5_5plus_malades.nsp_femmes_18plus,Au moins une femme (18 ans et plus) avec Ne sait pas 30 derniers jours,,,,,,,,,,,
integer,sum_sante_5_5plus_malades.nsp_garcons_5_17,Au moins un garï¿½ï¿½on (5-17 ans) avec Ne sait pas 30 derniers ,,,,,,,,,,,
integer,sum_sante_5_5plus_malades.nsp_garcons_18plus,Au moins un hommes (18 ans et plus) avec Ne sait pas 30 derniers jours,,,,,,,,,,,
integer,sum_sante_5_5plus_malades.fievre_femmes_5_17,Au moins une fille (5-17 ans) avec Fiï¿½ï¿½vre 30 derniers ,,,,,,,,,,,
integer,sum_sante_5_5plus_malades.fievre_femmes_18plus,Au moins une femme (18 ans et plus) avec Fiï¿½ï¿½vre 30 derniers ,,,,,,,,,,,
integer,sum_sante_5_5plus_malades.fievre_garcons_5_17,Au moins un garï¿½ï¿½on (5-17 ans) avec Fiï¿½ï¿½vre 30 dern,,,,,,,,,,,
integer,sum_sante_5_5plus_malades.fievre_garcons_18plus,Au moins un hommes (18 ans et plus) avec Fiï¿½ï¿½vre 30 derniers ,,,,,,,,,,,
integer,sum_nut_2_muac.MASfille_0_5,Nombre moyen de filles (0-5 ans) dï¿½ï¿½pistï¿½ï¿,,,,,,,,,,,
integer,sum_nut_2_muac.MASgarcon_0_5,Nombre moyen de garï¿½ï¿½ons (0-5 ans) dï¿½ï¿½pist,,,,,,,,,,,
integer,sum_nut_2_muac.MAMfille_0_5,Nombre moyen de filles (0-5 ans) dï¿½ï¿½pistï¿½ï¿,,,,,,,,,,,
integer,sum_nut_2_muac.MAMgarcon_0_5,Nombre moyen de garï¿½ï¿½ons (0-5 ans) dï¿½ï¿½pist,,,,,,,,,,,
end_group ,Deces,,,,,,,,,,,,
begin_group,Protection,Protection,,,,,,,,,,,
select_one oui_non ,protect_2_femmes,Peur pour sï¿½ï¿½curitï¿½ï¿½ ,TRUE,,${sum_agegrp_18plus_femmes} > 0,,,,,,,,
select_multiple risque,protect_2_femmes_risque,Raisons peur pour sï¿½ï¿½curitï¿½ï¿½ ,TRUE,,"selected(${protect_2_femmes},'oui') ","not(selected(., 'nsp') and count-selected(.)>1)","Si 'je ne sais pas / prï¿½ï¿½fï¿½ï¿½re ne pas rï¿½ï¿½pondre', aucune autre rï¿½ï¿½ponse ne do",,,,,,
select_one oui_non ,protect_2_hommes,Peur pour sï¿½ï¿½curitï¿½ï¿½ homm,TRUE,,${sum_agegrp_18plus_hommes} > 0,,,,,,,,
select_multiple risque,protect_2_hommes_risque,Raisons peur pour sï¿½ï¿½curitï¿½ï¿½s des homm,TRUE,,"selected(${protect_2_hommes},'oui') ","not(selected(., 'nsp') and count-selected(.)>1)","Si 'je ne sais pas / prï¿½ï¿½fï¿½ï¿½re ne pas rï¿½ï¿½pondre', aucune autre rï¿½ï¿½ponse ne do",,,,,,
select_one oui_non ,protect_3_filles,Peur pour sï¿½ï¿½curitï¿½ï¿½ des filles (moins ,TRUE,,${sum_agegrp_0_17_femmes} > 0,,,,,,,,
select_multiple risque ,protect_3_filles_risque,Raisons peur pour filles,TRUE,,"selected(${protect_3_filles},'oui') ","not(selected(., 'nsp') and count-selected(.)>1)","Si 'je ne sais pas / prï¿½ï¿½fï¿½ï¿½re ne pas rï¿½ï¿½pondre', aucune autre rï¿½ï¿½ponse ne do",,,,,,
select_one oui_non ,protect_3_garcons,Peur pour sï¿½ï¿½curitï¿½ï¿½ garï¿½ï¿½ons (m,TRUE,,${sum_agegrp_0_17_hommes} > 0,,,,,,,,
select_multiple risque ,protect_3_garcons_risque,Raisons peur pour garï¿½ï,TRUE,,"selected(${protect_3_garcons},'oui') ","not(selected(., 'nsp') and count-selected(.)>1)","Si 'je ne sais pas / prï¿½ï¿½fï¿½ï¿½re ne pas rï¿½ï¿½pondre', aucune autre rï¿½ï¿½ponse ne do",,,,,,
select_one oui_non_nsp,protect_4,Personne forcï¿½ï¿½e ï¿½ï¿½ travailler dans les 6 der,TRUE,,,,,,,,,,
select_multiple travail_force,protect_5_travail_force,Type de travail forcï,TRUE,,"selected(${protect_4},'oui') ","not(selected(., 'nsp') and count-selected(.)>1)","Si 'je ne sais pas / prï¿½ï¿½fï¿½ï¿½re ne pas rï¿½ï¿½pondre', aucune autre rï¿½ï¿½ponse ne do",,,,,,
select_one oui_non ,protect_8,Tous les enfants habitient avec les mï¿½ï¿½,TRUE,,,,,,,,,,
integer,protect_8_1_filles,Nombre moyen de filles n'habitant pas avec le mï¿½ï¿,TRUE,,"selected(${protect_8},'non') ",,,,,0,,,
integer,protect_8_1_garcons,Nombre moyen de garï¿½ï¿½on n'habitant pas avec le m,TRUE,,"selected(${protect_8},'non') ",,,,,0,,,
calculate,protect_8_1,,,,,,,,,,,${protect_8_1_filles}+${protect_8_1_garcons},
select_multiple raison_separation,protect_8_2,Raison sï¿½ï¿½par,TRUE,,"selected(${protect_8},'non') ","not(selected(., 'nsp') and count-selected(.)>1)","Si 'je ne sais pas / prï¿½ï¿½fï¿½ï¿½re ne pas rï¿½ï¿½pondre', aucune autre rï¿½ï¿½ponse ne do",,,,,,
select_one oui_non ,protect_11,Au moins une souffrant de trouble psychosocial,TRUE,,,,,,,,,,
integer ,protect_11_1,Nombre d'enfants montrant des signes de problï¿½ï¿½mes psychoso,TRUE,,"selected(${protect_11},'oui') ",,,,,,,,
integer ,protect_11_2,Nombre d'adultes montrant de signes de problï¿½ï¿½mes psychoso,TRUE,,"selected(${protect_11},'oui') ",,,,,,,,
select_multiple probleme_protection,protect_13,Mï¿½ï¿½canisme de rapportage des problï¿½ï¿½mes de protection ï¿½ï¿½ dis,TRUE,,,"not(selected(.,'aucune') and count-selected(.)>1) and not(selected(., 'nsp') and count-selected(.)>1)","Si 'aucun' ou 'je ne sais pas / prï¿½ï¿½fï¿½ï¿½re ne pas rï¿½ï¿½pondre', aucune autre rï¿½ï¿½ponse ne do",,,,,,
end_group ,Protection ,,,,,,,,,,,,
begin_group,Coping,Coping,,,,,,,field list ,,,,
select_one oui_non,coping_1_aliments_moins_preferes,A consommer des aliments prï¿½ï¿½fï¿½ï¿½rï¿½ï¿½s dans les 7,TRUE,,,,,,,,,,
integer,coping_1_1_aliments_moins_preferes_jours,Nombre de jour A consommer des aliments prï¿½ï¿½,TRUE,,"selected(${coping_1_aliments_moins_preferes},'oui') ",((.)>0 and (.)<=7),Au cours des 7 derniers jours ,,,,,,
select_one oui_non,coping_6_emprunt_nourriture_argent,"Emprunter de la nourriture ou recourir ï¿½ï¿½ lï¿½ï¿½ï¿½aide des parents, des voisin",TRUE,,,,,,,,,,
integer,coping_6_1_emprunter_nourriture_argent_jours,"Nombre de jours Emprunter de la nourriture ou recourir ï¿½ï¿½ lï¿½ï¿½ï¿½aide des parents, des voisin",TRUE,,"selected(${coping_6_emprunt_nourriture_argent},'oui') ",((.)>0 and (.)<=7),Au cours des 7 derniers jours ,,,,,,
select_one oui_non,coping_3_diminution_quantite,Diminuer la quantitï¿½ï¿½ consommï¿½ï¿½e pendant,TRUE,,,,,,,,,,
integer,coping_3_1_diminution_quantite_jours,Nombre de jours a diminuer la quantitï¿½ï¿½ pendant les ,TRUE,,"selected(${coping_3_diminution_quantite},'oui') ",((.)>0 and (.)<=7),Au cours des 7 derniers jours ,,,,,,
select_one oui_non,coping_2_restriction_adultes,Restreindre la consommation de nourriture des adultes pour permettre aux plus jeunes de manger davantage,TRUE,,,,,,,,,,
integer,coping_2_1_restriction_nourriture_adultes_jours,Nombre de jour Restreindre consommationn des adultes,TRUE,,"selected(${coping_2_restriction_adultes},'oui') ",((.)>0 and (.)<=7),Au cours des 7 derniers jours ,,,,,,
select_one oui_non,coping_8_reduction_repas,Diminuer le nombre de repas par jour,TRUE,,,,,,,,,,
integer,coping_8_1_reduction_repas_jours,Nombre de jours diminuer nombre de repas,TRUE,,"selected(${coping_8_reduction_repas},'oui') ",((.)>0 and (.)<=7),Au cours des 7 derniers jours ,,,,,,
select_one oui_non,coping_4_reduction_eau_domestique,"Rï¿½ï¿½duire la quantitï¿½ï¿½ d'eau utilisï¿½ï¿½e ï¿½ï¿½ des fins domestiques (pour boire, la",TRUE,,,,,,,,,,
integer,coping_4_1_reduction_eau_domestique_jours,Nombre de jours rï¿½ï¿½duire consommation ,TRUE,,"selected(${coping_4_reduction_eau_domestique},'oui') ",((.)>0 and (.)<=7),Au cours des 7 derniers jours ,,,,,,
select_one oui_non,coping_5_utilisation_eau_non_sure,Utiliser de l'eau non sï¿½ï¿½re (sans la bouillir ou la purifier) d'une source non-amï¿,TRUE,,,,,,,,,,
integer,coping_5_1_utilisation_eau_non_sure_jours,Nombre de jour utilisation eau non-sï¿,TRUE,,"selected(${coping_5_utilisation_eau_non_sure},'oui') ",((.)>0 and (.)<=7),Au cours des 7 derniers jours ,,,,,,
integer,rCSI,rCSI moyen,,,,,,,,,,,
end_group,Coping ,,,,,,,,,,,,
begin_group ,LCS,,,,,,,,,,,,
select_one LCS,secal_11_LCS_actifs_non_prod,"Vendre des actifs non productifs du mï¿½ï¿½nage (radio, meubles, rï¿½ï¿½frigï¿½ï¿½rateur, tï¿½ï¿½lï¿",TRUE,,,,,,,,,,
select_one LCS,secal_11_LCS_actifs_prod,"Vendre des actifs productifs ou moyens de transport (matï¿½ï¿½riel agricole, machine ï¿½ï¿½ coudre, brouette, vï¿½ï¿½lo,",TRUE,,,,,,,,,,
select_one LCS,secal_11_LCS_reduire_dep,"Rï¿½ï¿½duire les dï¿½ï¿½penses non alimentaires essentielles telles que lï¿½ï¿½ï¿½ï",TRUE,,,,,,,,,,
select_one LCS,secal_11_LCS_dep_epargne,Dï¿½ï¿½penser lï¿½,TRUE,,,,,,,,,,
select_one LCS,secal_11_LCS_emprunter,Emprunter de lï¿½ï¿½ï¿½argent/nourriture ï¿½ï¿½ un prï¿½ï¿½teur,TRUE,,,,,,,,,,
select_one LCS_ac_pert,secal_11_LCS_retirer_ecole,Retirer les enfants de lï¿½ï¿½,TRUE,,,,,,,,,,
select_one LCS_ac_pert,secal_11_LCS_vendre_maison,"Vendre la maison, la parcelle de terrain ou le champ",TRUE,,,,,,,,,,
select_one LCS,secal_11_LCS_activites_risquees,"Un membre de la famille a dï¿½ï¿½ sï¿½ï¿½ï¿½engager dans des activitï¿½ï¿½s risquï¿½ï¿½es ou illï¿½ï¿½gales gï¿½ï¿½nï¿½ï¿½ratrices de revenus (vols, vente de la drogue, travail a",TRUE,,,,,,,,,,
select_one LCS,secal_11_LCS_mendier,Mendier,TRUE,,,,,,,,,,
select_one LCS_ac_pert,secal_11_LCS_vendre_animaux,Vendre plus dï¿½ï¿½ï¿½animaux (non-productifs) que dï,TRUE,,,,,,,,,,
select_one LCS,secal_11_LCS_consommer_semences,Consommation des semences,TRUE,,,,,,,,,,
end_group ,LCS,,,,,,,,,,,,
begin_group ,AAP,AAP,,,,,,,,,,,
select_one source_confiance,aap_1_source_confiance,Source d'information de confiance,TRUE,,,,,,,,,,
select_multiple type_information,aap_2_type_information,Type d'information souhaitï¿,TRUE,Merci de sï¿½ï¿½lectionner les 3 types dï¿½ï¿½ï¿½information que vous souhaite,,"not(selected(., 'nsp') and count-selected(.)>1)","Si 'je ne sais pas / prï¿½ï¿½fï¿½ï¿½re ne pas rï¿½ï¿½pondre', aucune autre rï¿½ï¿½ponse ne do",,,,,,
select_one canal_information,aap_3_canal_information,Moyen prï¿½ï¿½fï¿½ï¿½re pour recevoir i,TRUE,,,,,,,,,,
select_multiple retour_fournisseurs,aap_4_retour_fournisseurs_aide,"Moyen pour donner un retour aux fournisseurs dï¿½ï¿½ï¿½aide humanitaire pour les informer sur la qualitï¿½ï¿½, la quantitï¿½ï¿½ et lï¿½",TRUE,Merci de sï¿½ï¿½lectionner les 3 possibi,,"not(selected(., 'nsp') and count-selected(.)>1)","Si 'je ne sais pas / prï¿½ï¿½fï¿½ï¿½re ne pas rï¿½ï¿½pondre', aucune autre rï¿½ï¿½ponse ne do",,,,,,
end_group ,AAP,,,,,,,,,,,,
begin_group ,rep_souhaitee,,,,,,,,,,,,
select_one rep_souhaitee,rep_souhaitee_1,Besoin prioritaire 1 AAP,,,,,,,,,,,
select_one rep_souhaitee,rep_souhaitee_2,Besoin prioritaire 2 AAP,,,,,,name != ${rep_souhaitee_1},,,,,
select_one rep_souhaitee,rep_souhaitee_3,Besoin prioritaire 3 AAP,,,,,,name != ${rep_souhaitee_1} and name != ${rep_souhaitee_2},,,,,
begin_group,assistance_educ,,,,"selected(${rep_souhaitee_1},'educ') or selected(${rep_souhaitee_2},'educ') or selected(${rep_souhaitee_3},'educ') ",,,,,,,,
select_one educ_reponse,educ_6_reponse_1,1ï¿½ï¿½re assistance souhaitï¿½ï¿½e,TRUE,,,,,,,,,,
select_one educ_reponse,educ_6_reponse_2,2ï¿½ï¿½me assistance souhaitï¿½ï¿½e,,,,,,name != ${educ_6_reponse_1},,,,,
select_one educ_reponse,educ_6_reponse_3,3ï¿½ï¿½me assistance souhaitï¿½ï¿½e,,,,,,name != ${educ_6_reponse_1} and name != ${educ_6_reponse_2},,,,,
end_group,assistance_educ,,,,,,,,,,,,
begin_group,assistance_nfi,,,,"selected(${rep_souhaitee_1},'nfi') or selected(${rep_souhaitee_2},'nfi')  or selected(${rep_souhaitee_3},'nfi') ",,,,,,,,
select_one assistance ,nfi_7_assistance_1,1ï¿½ï¿½re assistance souhaitï,TRUE,,,,,,,,,,
select_one assistance ,nfi_7_assistance_2,2ï¿½ï¿½me assistance souhaitï,,,,${nfi_7_assistance_1} != '' and ((.) != ${nfi_7_assistance_1}),,name != ${nfi_7_assistance_1},,,,,
select_one assistance ,nfi_7_assistance_3 ,3ï¿½ï¿½me assistance souhaitï,,,,${nfi_7_assistance_2} != '' and ((.) != ${nfi_7_assistance_2}),,name != ${nfi_7_assistance_1} and name != ${nfi_7_assistance_2},,,,,
end_group ,assistance_nfi,,,,,,,,,,,,
begin_group,assistance_secal,,,,"selected(${rep_souhaitee_1},'secal') or selected(${rep_souhaitee_2},'secal') or selected(${rep_souhaitee_3},'secal') ",,,,,,,,
select_one secal_reponse,secal_13_reponse_1,1ï¿½ï¿½re assistance souhaitï¿½ï¿½e Sï¿½ï¿½cur,TRUE,,,,,,,,,,
select_one secal_reponse,secal_13_reponse_2,2ï¿½ï¿½me assistance souhaitï¿½ï¿½e Sï¿½ï¿½cur,,,,,,name != ${secal_13_reponse_1},,,,,
select_one secal_reponse,secal_13_reponse_3,3ï¿½ï¿½me assistance souhaitï¿½ï¿½e Sï¿½ï¿½cur,,,,,,name != ${secal_13_reponse_1} and name != ${secal_13_reponse_2},,,,,
end_group,assistance_secal,,,,,,,,,,,,
begin_group,assistance_wash,,,,"selected(${rep_souhaitee_1},'wash') or selected(${rep_souhaitee_2},'wash') or selected(${rep_souhaitee_3},'wash') ",,,,,,,,
select_one wash_reponse,wash_22_wash_reponse_1,1ï¿½ï¿½re assistance souhaitï¿,TRUE,,,,,,,,,,
select_one wash_reponse,wash_22_wash_reponse_2,2ï¿½ï¿½me assistance souhaitï¿,TRUE,,,,,name != ${wash_22_wash_reponse_1},,,,,
select_one wash_reponse,wash_22_wash_reponse_3,3ï¿½ï¿½me assistance souhaitï¿,TRUE,,,,,name != ${wash_22_wash_reponse_1} and name != ${wash_22_wash_reponse_2},,,,,
end_group,assistance_wash,,,,,,,,,,,,
begin_group,assistance_sante,,,,"selected(${rep_souhaitee_1},'sante') or selected(${rep_souhaitee_2},'sante')  or selected(${rep_souhaitee_3},'sante') ",,,,,,,,
select_one sante_reponse,sante_7_reponse_1,1ï¿½ï¿½re assistance souhaitï¿½,TRUE,,,,,,,,,,
select_one sante_reponse,sante_7_reponse_2,2ï¿½ï¿½me assistance souhaitï¿½,,,,,,name != ${sante_7_reponse_1},,,,,
select_one sante_reponse,sante_7_reponse_3,3ï¿½ï¿½me assistance souhaitï¿½,,,,,,name != ${sante_7_reponse_1} and name != ${sante_7_reponse_2},,,,,
end_group,assistance_sante,,,,,,,,,,,,
end_group ,rep_souhaitee,,,,,,,,,,,,
end_group,SURVEY,Merci de nous avoir rï¿½ï¿½pon,,,,,,,,,,,
begin_group,finalisation,,,,,,,,,,,,
end_group,finalisation,,,,,,,,,,,,
