aap_1_1_source_confiance_autre,aap_1_1_source_confiance_autre_recoded,aap_3_canal_information_autre,aap_3_canal_information_autre_recoded,sante_5_deces_cause_autre,sante_5_deces_cause_autre_recoded,nfi_propr_abri_autre,nfi_propr_abri_autre_recoded
De la part de radio communautaire,autre,Radio locale,radio,Suite a l'accouchement,autre,Site,autre
Aupr√®s de nos responsables sit,autre,Radio,radio,Torture a une fausse accusations de la de la soci√©ler,autre,Pour un p√®re qui a retourner √† Bang,autre
Aupr√®s de responsable de la sit,autre,Radio,radio,C'EST serpent qui l'a piqu√,cause_animale,On vient retourn√©s Au villag,autre
Aupr√®s de nos responsables sit,autre,Radio,radio,iPod,autre,Nous sommes retourn√©s pour pouvoir construire cette maiso,autre
Aupr√®s de nos responsables sit,autre,Radio,radio,L'an√©mi,maladie_autre,Apr√®s le retour du conflit arm,autre
Aupr√®s de nos chefs des villages et travailleur humanitair,autre,Radio,radio,Poursuite apr√®s op√©ration Ern,maladie_autre,Abris construire dans l'urgence,autre
Pr√©sident de la jeuness,chef_communaut√,Radio locale,radio,Maladie suite au soucis de ses biens qu'il a perdu dans des crise et √©ventuellement que notre pays a endur,autre,Abris de la famille,pret
Le pr√©sident du sit,chef_communaut√,Par radio communautaire,radio,Morsure de serpent,cause_animale,J'ai √©t√© accueilli par une famille de bonne f,pret
Radio FM,radio,Par radio communautaire,radio,D√©c√®s suite √† l accoucheme,autre,Maison en famille d'accueil,pret
Par mettre,autre,Aupr√®s de nos responsable sit,face_a_face,Cette personne a particip√© au combat,acc_CA,Maison en famille d'accueil,pret
Par lettre,autre,Aupr√®s de nos responsables sit,face_a_face,Tu√© par les groupes arm√©s non conventionnel,acc_CA,L'h√©ritage de mon p√®,autre
Chez le repr√©sentant du sit,chef_communaut√,Aupr√®s de nos responsables sit,face_a_face,Suite √† un bagarre avec les groupes arm√,acc_CA,abri d' urgence,autre
Responsables des blocs du site,chef_communaut√,Aupr√®s de nos responsables sit,face_a_face,Suite a l'accouchement,autre,Je suis chez un parent,pret
Journaliste,autre,Aupr√®s de nos responsables sit,face_a_face,Accident,autre,Personnel,autre
Journaliste,autre,Aupr√®s de nos responsables sit,face_a_face,Tuberculose,maladie_autre,Pour les familles d'accueil,pret
Pas des informations fiables,autre,Parfois par nos chefs de village.ou humanitaire,face_a_face,D√©c√®s suite √† la malnutrit,manque_nourrit,Rester provisoirement,pret
Journaliste,autre,Probl√®me d'information il faut que tu vas en ville pour recevoir l'informatio,autre,Suit a mauvais accouchement,autre,Famille,pret
Les commer√ßant,autre,Toujours par radio communautaire,radio,Sant√© mantal,maladie_autre,Bien commun,autre
Aucunement pas,autre,Par radio communautaire,radio,D√©c√®s suite √† l'accouchem,autre,Bien commun,autre
Un voyageur revenant de la grande ville comme bambari et autres,autre,Rien,autre,Drepanositose,autre,Maison familiale,autre
A travers les chefs de bloque,chef_communaut√,Aucune,autre,Noyade,autre,Maison familiale,autre
Les groupes arm√©,groupes_armes,Radio,radio,D√©c√®s sans malad,naturelle,Maison familiale,autre
Dieu,autre,Radio,radio,Morte quelques apr√®s la naissanc,autre,Maison familiale,autre
A la radio,autre,Radio,radio,Suite √† l'ccouchemen,autre,Maison familiale,autre
Radio,radio,Avec une radio,radio,Suite a une op√©ratio,autre,Bien commun,autre
Dieu le tout puissant,autre,Sur le m√©dia(radio,radio,Suite a une maladie dat√,maladie_autre,Bien commun,autre
Nous sommes sans nouvelle depuis longtemps.,autre,Radio,radio,Mort subitement,autre,Bien commun,autre
Journaliste,autre,Le m√©dia radi,radio,Tu pendant la crise,autre,Bien commun,autre
Journaliste,autre,Rien,autre,Mort subite,autre,souls couvers,autre
Journaliste,autre,Radio,radio,Tu√© par les groupes arm√©s.(3,acc_CA,Bien commun,autre
Journaliste,autre,Par les voyageurs,face_a_face,Paralysie,autre,Famille d'accueil,pret
Radio,radio,Par les voyageurs,face_a_face,Sorcellerie qui l'a tu√,autre,Sous couvert,pret
radio,radio,Nous pouvons aller centre vil pour avoir des informations,autre,Forte paludisme,cause_animale,Sous couvert de mon beau   p√®r,pret
Chef du site,chef_communaut√,Par les voyageurs,face_a_face,Suite √† la tuberculos,maladie_autre,Bien commun,autre
Journalistes,autre,Par les voyageurs,face_a_face,Suite a un cancer,maladie_autre,Maison familiale,autre
Les journalistes,autre,Par les voyageurs,face_a_face,Mort n√,autre,Maison familiale,autre
Poste radio,radio,Radio locale,radio,Par la suite d'une vomissement sanguine,maladie_autre,Maison familiale,autre
Poste radio,radio,Par les voyageurs,face_a_face,Assassinat,autre,Bien commun,autre
Journaliste,autre,Par les voyageurs,face_a_face,Apr√®s vomussemen,autre,Sous couvert(famille d'accueil),pret
Journaliste,autre,Radio,radio,Assasina,autre,H√©ritag,autre
Journaliste,autre,Radio locale,radio,Hernie,maladie_autre,Site elevage,autre
Chef du bloc,chef_communaut√,Rien,autre,Infections dans le ventre,maladie_autre,Deplac√,autre
Coordonnateur,autre,Radio,radio,Mort bizarre,autre,Maison d urgence,autre
Coordonnateur du site,autre,Radio,radio,Acouchement,autre,Abri. Urgence ( Site),autre
Poste radio,radio,Radio,radio,D√©c√®s lors d'un accoucheme,autre,Abri urgence,autre
Poste radio,radio,Par radio communautaire,radio,Mort n√©,autre,La personne a fabriquer elles m√™me,autre
Journaliste,autre,Par radio communautaire,radio,Apr√®s op√©ration chirurgica,autre,"Famille d, accueil",pret
Journaliste,autre,Par radio communautaire,radio,Avortement,autre,Maison Etatique,autre
Radio,radio,Toujours par radio communautaire,radio,An√©mi,maladie_autre,Maison √âtatiqu,autre
Radio,radio,Pendant la r√©union chez le che,face_a_face,Apr√®s l'accouchemen,maladie_autre,Je dors chez une famille,pret
Radio,radio,Par le chef de groupe,face_a_face,Naufrage,autre,Site alternatif maison en paille,autre
Radio,radio,Par le d√©l√©gu√© de la c,face_a_face,Meutre,autre,Nous vivons sur le site alternatif,autre
Radio,radio,Par le chef de village,face_a_face,D√©c√®s suite √† l'an√,maladie_autre,Site alternatif,autre
Radio,radio,Par le chef de village,face_a_face,An√©mi,maladie_autre,Site parc,autre
Radio,radio,Par le d√©l√©gu√© de la c,face_a_face,Suite a une longue maladie,maladie_autre,Site parc,autre
Radio,radio,Par le chef de village,face_a_face,Mort subite,autre,Don,autre
Radio,radio,Par un coup de sifflet,autre,Poisonn√,autre,Regroupez   avec la famille e,autre
Radio,radio,Radio FM,radio,Mort n√©,autre,Maison familiale,autre
Radio,radio,Par lettre,autre,D√©c√®s suite √† un accouchement  traditionne,autre,Maison de grand p√®re,autre
Radio,radio,Par lettre,autre,Suite √† une maladie respiratoir,maladie_autre,Maison familiale,autre
Mon Voisin,amis_famille,Par lettre,autre,D√©c√®s au moment de l'accoucheme,autre,Maison d√©laiss√© mais utiliser gr√¢ce au consentement du propri√©taire et peut ac,pret
De la par de Leaders communautaire,chef_communaut√,Les parents et les passants,face_a_face,Tro √¢g,naturelle,Maison donn√© √† bute non lucratif mais par piti,autre
Poste radio,radio,Les passants,face_a_face,"Paralys√©,et diab√©tiq",maladie_autre,Maison familiale,autre
Radio,radio,Radio et les passants,face_a_face,…pilepsie,maladie_autre,La propri√©taire est en voyage mais le chef de quartier les √† donn√© pour quelques temp,pret
Non Personnes d'autres,autre,Les autorit√©s locale,fonctionnaires_gouvernement,"Foie, probl√®me de san",maladie_autre,Je suis dans la maison de mon gar√ßo,pret
Chef de groupe et quartier,chef_communaut√,Les autorit√©s locale,fonctionnaires_gouvernement,Un nourrisson suite d'une maladie inconnu...,autre,En famille d'accueil,pret
Radio,radio,Les autorit√©s locale,fonctionnaires_gouvernement,Diarrh√©e epuis fra√Æche,maladie_diarr,La maison appartient un parent de mon mari,pret
Radio,radio,Les autorit√©s locale,fonctionnaires_gouvernement,Sorcellerie de sa famille...,autre,On est dans la maison du monsieur le maire du village,autre
Radio,radio,La radio,radio,Maladie,maladie_autre,La maison de mon grand fr√®r,pret
Radio,radio,La radio,radio,Maladie,maladie_autre,Je suis accueillir chez mes parents,pret
¿ la radio,radio,La radio,radio,Suite d une maladie,maladie_autre,Je suis chez les parents,pret
Chef de quartier,chef_communaut√,La radio,radio,Suite d une maladie,maladie_autre,Maison construit par intersos,autre
D√©l√©gu√© du b,autre,La radio,radio,Suite d une maladie,maladie_autre,En famille d'accueil,pret
Radio fm,radio,Radio,radio,Suite d une maladie,maladie_autre,En famille d'accueil,pret
Chef de quartier,chef_communaut√,Radio,radio,Elevement,autre,En famille d'accueil,pret
De la part d'une autre personne qui n'est pas de la communaut√,autre,De bouche a oreille,face_a_face,Avortement,autre,En famille d'accueil,pret
Il est difficile d'avoir des informations s√ªr,autre,Radio,radio,Il a √©t√© tu√© par les √©leveurs pe,acc_CA,En famille d'accueil,pret
Dieu,autre,Radio,radio,Manque de soin medicaux,autre,En famille d'accueil,pret
Dieu,autre,Radio,radio,Je ne sais pas,autre,Maison de mon fils,pret
La radio RFI,radio,Radio,radio,Tuberculose,maladie_autre,Maison de mon p√®r,pret
Du conseiller local,fonctionnaires_gouvernement,Radio,radio,La faim,manque_nourrit,Sous tutelle de Une famille d√©plac√©e sur la si,autre
Radio,radio,Visite ONG,face_a_face,Suite √† l accouchement,autre,En famille d'accueil,pret
La radio,radio,La radio,radio,Suite √† un incendie cause par un bandi,autre,De la famille,autre
Radio Guira,radio,La radio pour √©couter les informations,radio,An√©mi,maladie_autre,Occupation sans le consentement du propri√©tair,occupe
Pr√©sident Sit,chef_communaut√,La radio,radio,Tuberculose pulmonaire,maladie_autre,En famille d'accueil,pret
Pr√©sident de sit,chef_communaut√,La radio,radio,Op√©ratio,autre,Famille,pret
Personnelle,autre,"La radio,ou t√©l√©phon",radio,D√©c√®s suite de tortures des auto d√©fe,acc_CA,Occupant secondaire ( installation dans la maison  sous permission de la personne qu'on l'avait confi√©e la responsabilit√© du local) qui √† eut peur de rester dedans au risque d'√™tre frapp√© par les hommes ar,pret
Pr√©sident de la jeuness,chef_communaut√,La radio,radio,Mort n√©e,autre,Maison du grand p√®r,pret
Pr√©sident de la jeuness,chef_communaut√,Radio national et privey,radio,Suite √† une maladie de VIH,maladie_autre,Maison familiale,pret
Aucun,autre,Radio,radio,Tuer Par balle,acc_CA,Occup√©e par le consentement du propri√©tai,pret
 Radio ,radio,Radio,radio,Mort tragique sans malade,autre,Pour ma grande m√®r,pret
Aucun,autre,De bouche a oreille,face_a_face,D√©c√®s suite une op√©ration chirurgica,autre,Occup√©e par le consentement du propri√©tai,pret
Aucun,autre,Radio,radio,Tuberculose,maladie_autre,Sous tutelle de mon cousin,pret
Par T√©l√©pho,autre,De bouche a l'oreille,face_a_face,Annemie,maladie_autre,J'habite sous tutelle d'un parnt,pret
Radio,radio,De bouche a l'oreille c tout,face_a_face,D√©c√®s suite √† l'accouchem,autre,Sous couvert de ma m√®r,pret
Par la radio,radio,Radio,radio,Accouchement,autre,Pour les beaux parents,pret
Radio,radio,La radio,radio,Apr√®s accouchemen,autre,Sous tutelle,pret
Radio,radio,La radio,radio,Apr√®s une courte maladi,maladie_autre,Pour un ami,pret
A travers les voyageurs,autre,Radio,radio,Mort n√,autre,Maison de la famille,pret
A travers les voyageurs,autre,Radio,radio,D√©c√®s pour cause Erni,maladie_autre,Maison de la famille,pret
Rien que par la poste radio,radio,Radio,radio,Mort n√,autre,H√©berg√© chez ma petite s≈,pret
Radio,radio,Radio diffusion,radio,Gonflement de ventre,autre,Maison familiale,pret
Monsieur le maire,fonctionnaires_gouvernement,Radio diffusion,radio,Mort ne,autre,Maison familiale,pret
Les autorit√©s locale,fonctionnaires_gouvernement,La radio,radio,Suite a une torture,autre,Maison des parents,pret
Les autorit√©s locale,fonctionnaires_gouvernement,Conseil de familles,face_a_face,Metamorphose,autre,Je dors chez familles,pret
Les autorit√©s locale,fonctionnaires_gouvernement,Radio,radio,Tu√© par les bandits arm√,acc_CA,Maison familiale,pret
Radio f m,radio,Pour bouche l'oreille,face_a_face,SUITE √† Une  MALADIE De HERNI,maladie_autre,Aide humanitaire,autre
Par lettre,autre,Chef communautaire,face_a_face,D√©c√®s suite √† l'accouchem,autre,Maison des personnels de la soci√©t√,autre
Par lettre,autre,Chef communautaire,face_a_face,Par buffle,autre,Maison h√©rit√,autre
Par lettre,autre,Chef communautaire,face_a_face,Malnutrition,manque_nourrit,Maison de service,autre
Par lettre,autre,Chef communautaire,face_a_face,Gastrique,maladie_autre,Maison parental,pret
Par lettre,autre,Radio,radio,D√©c√®s suite √† un accouchement √† la ma,autre,La maison des familles,pret
Radio,radio,Chef du quartier,face_a_face,BK,autre,Maison familiale,pret
Radio,radio,Chef communautaire,face_a_face,D√©c√®s suite √† un probl√®me coutu,autre,Maison familiale,pret
Radio icdi,radio,Chef communautaire,face_a_face,Carie dentaire,autre,En famille d'accueil,pret
Radio guira et radio la voix de la kemo,radio,Chef communautaire,face_a_face,Mort n√©,autre,En famille d'accueil,pret
Par lettre,autre,Chef communautaire,face_a_face,Canc√©r,maladie_autre,Aide familiale,autre
Lettre,autre,Chef du village,face_a_face,Assassin√© par sa femm,autre,Maison de l'√âta,autre
Par des amis,amis_famille,Par Les r√©union communautair,face_a_face,Naufrage,autre,je suis chez les parent,pret
Par les passages,autre,Par rencontre de la familles,face_a_face,Pied enfl√© diarrh√©e accompagn√© dans s,maladie_diarr,Accueil ,pret
Radio,radio,Les passants,face_a_face,Suite aux √©v√©nements militaro politiq,acc_CA,Pour mon fr√®r,pret
Il y'a personne de confiance,autre,Par la communaut√,face_a_face,Suite a un accouchement,autre,Pour ma belle famille,pret
Radio,radio,Radio,radio,Accident,autre,Pour mon grand fr√®r,pret
Radio,radio,Radio,radio,Tu√© par les groupes arme,acc_CA,Pour les parents,pret
Radio,radio,Radio,radio,Malnutrition aigu√,manque_nourrit,Les parents,pret
Radio,radio,Radio,radio,Seignement du sang par voie orale.,maladie_autre,Je suis sous couvert,pret
Radio,radio,Radio,radio,Par les groupes armes ,acc_CA,Je suis chez ma belle famille,pret
Radio,radio,Radio,radio,Tu√© par le groupe arm√©e au cham,acc_CA,Famille accueil ,pret
Radio,radio,Chef du quartier,face_a_face,D√©ce suite √† un enleveme,autre,Pour le service,autre
Radio,radio,Chef communautaire,face_a_face,Mort nee,autre,Famille d'accueil,pret
Chef du quartier et les leaders religieux,autre,Chef communautaire,face_a_face,Fait mistique,autre,Famille d'accueil,pret
De la part des chefs de Commune et des leaders religieux,autre,Chef de quartier,face_a_face,Sida ,maladie_autre,Famille d'accueil,pret
Monsieur le Maire,fonctionnaires_gouvernement,Chef du quartier,face_a_face,Sans malade,autre,J'√©tais avec ma grande s≈ìur dans sa mais,pret
Chef de la communaut√© et les leaders religieu,autre,Chef communautaire,face_a_face,B√©b√© ne mo,autre,Hangar construite pour accueillir les malades,autre
Radio,radio,R√©union du quartie,face_a_face,Torture,autre,Pour le membres de la famille,pret
Pr√©sident de la jeuness,chef_communaut√,Radio,radio,SIDA VIH,maladie_autre,Pour les membres de la famille pas nous ,pret
Pr√©sident des jeunesse,chef_communaut√,Radio,radio,…pilepsie,maladie_autre,Maison de la famille qui nous acceuillir,pret
Radio,radio,Radio,radio,Mort subite,autre,Maison familiale,pret
Radio,radio,Radio,radio,Ernie,maladie_autre,Maison administrative,autre
Radio,radio,Radio,radio,Hernie,maladie_autre,Maison familiale,pret
Radio,radio,Radio,radio,Hernie,maladie_autre,Maison familiale,pret
Radio,radio,Radio,radio,D√©c√®s √† la suite d'une tuerie par les rebel,acc_CA,Maison de son p√®r,pret
Radio,radio,A la radio,radio,Tuberculose,maladie_autre,Maison h√©riti√®,autre
Radio,radio,A la radio,radio,Son malade,autre,Pour mon mari,pret
Radio,radio,Radio,radio,Maladie du VIH/SIDA,maladie_autre,Pour lui-m√™me,pret
Radio,radio,Radio,radio,Famine,manque_nourrit,Maison  propre ,autre
Radio,radio,Radio,radio,Apr√®s l'accouchemen,autre,Empreintes,pret
Radio,radio,Radio,radio,Mort n√©,autre,Don par le tuteur ,autre
Radio,radio,A la radio,radio,C√©sarienn,autre,La maison de mon p√®re,pret
Radio,radio,A la radio,radio,Mort tragique sans maladie,autre,Maison parental,pret
Maire de la ville de ABBA,fonctionnaires_gouvernement,Radio,radio,Fausse accouchement,autre,Abri donner par le pr√©sident de site,autre
Via radio,radio,A la radio,radio,Infections t√©tano,maladie_autre,Abri √† pr√®s une personne qui a regagner sa domicil,autre
De la radio communautaire,radio,A la radio,radio,La personne n'avait pas r√©gler pendant plus de huit ans,autre,Aucun,autre
Radio communautaire,radio,A la radio et au t√©l√©phon,radio,Avortement.,autre,Maison de mon p√®r,pret
Les chasseurs,autre,A la radio.,radio,Maladie de go√ªt,maladie_autre,Maison familiale,pret
Radio,radio,A la radio,radio,L'enfant souffre du ballonnement au niveau du ventre.,maladie_autre,Le mari,pret
Radio,radio,A la radio,radio,Empoisonnement Gonflement du ventre.,autre,Bien commun,autre
Sur les radios trottoir,radio,Radio,radio,Suicide par le poison lui m√™me..,autre,Maison familiale,pret
Si en va √† Bangasso,autre,Radio,radio,Suite a un accouchement il n'ya pas un centre de sant√© ic,autre,Maison construite par l'ONG ASA sur terrain de chef,autre
La radio,radio,Radio,radio,Suite a hernie il n'arrive pas a se faire op√©re,maladie_autre,Maison familiale,pret
Pr√©sident de jeuness,chef_communaut√,Radio,radio,Elle a eu la maladie du ballonnement qui est fr√©quente ic,maladie_autre,Maison d'urgence construite par NRC sur le site,autre
Par la radio,radio,Radio,radio,…pilepsie,maladie_autre,Maison occup√© par l'autorisation du chef du quartie,autre
Radio,radio,A la radio.,radio,Malzdie de Courbature,autre,Construction d' urgence,autre
Pr√©sident de jeuness,chef_communaut√,A la radio,radio,D√©c√®s suite √† une maladie de caridetai,maladie_autre,Site de regroupement,autre
Atravers les amis,amis_famille,Radio,radio,Suite a l'accouchent,autre,Habri de transition en bache,autre
Radio,radio,Radio,radio,,,Habri de transition en bache,autre
Radio,radio,Radio,radio,,,Occup√© par le chef du villag,autre
Radio,radio,Agent humanitaire,face_a_face,,,"L'abri ou je dors , est pour le service.",autre
Radio,radio,Agents humanitaires,face_a_face,,,Je suis sous mon tuteur,autre
Radio nationale,radio,A la radio,radio,,,La maison a partenire a sa belle m√®re,pret
Radio,radio,A la radio.,radio,,,Bien commun,autre
Radio,radio,Radio,radio,,,Famille d'accueil,pret
Radio,radio,Radio,radio,,,Maison familiale.(appartenant au grand fr√®re defunt,pret
Par t√©l√©phon,autre,A la radio,radio,,,Pasteur de la √©glis,autre
Par lettre,autre,Radio,radio,,,Pour un parent,pret
Par t√©l√©pho,autre,Agents humanitaire,face_a_face,,,Abri d un proche parent,pret
Par lettre,autre,A la radio,radio,,,Je suis un pasteur que les gens m‚Äôont confi√© la mai,autre
Par t√©l√©pho,autre,Chez le chef,face_a_face,,,Maison Familiale.,pret
Les autorit√©,fonctionnaires_gouvernement,Radio,radio,,,Sous couvert de ma tante paternelle...,pret
A la radio,radio,A la radio,radio,,,Sous couvert ma m√®re suite √† une maladie dans ma zone d'origine.,pret
Radio FM,radio,A la radio,radio,,,Maison auquelle j'habite est pour mon oncle maternel.,pret
Radio,radio,Radio,radio,,,Occupation sans consentement du propri√©taire. Et finalement le  propri√©taire √©tant musulman lui abandonne le local d√©finitivement. Par peur ou gentillesse chose que nous ignor,autre
Radio,radio,Radio,radio,,,Maison de mon beau fr√®r,pret
Par t√©l√©pho,autre,A la radio,radio,,,Pour ma belle famille,pret
Radio,radio,Radio,radio,,,,
Radio,radio,Radio,radio,,,,
C'EST au pr√®s de nos parent,amis_famille,Radio,radio,,,,
Par le Mr le Maire,fonctionnaires_gouvernement,Radio,radio,,,,
Mr le Maire,fonctionnaires_gouvernement,A la radio,radio,,,,
De la part de sous pr√©fe,fonctionnaires_gouvernement,Radio,radio,,,,
Par la radio Pende,radio,Radio,radio,,,,
Nous n avons pas assez des informations,autre,Radio,radio,,,,
T√©l√©pho,autre,A la radio,radio,,,,
Radio,radio,A la radio,radio,,,,
De la part administrateur loco,autre,A la radio,radio,,,,
Chefs du village,chef_communaut√,A la radio,radio,,,,
Le chef du village,chef_communaut√,Radio,radio,,,,
Chefs du village,chef_communaut√,Radio,radio,,,,
Par t√©l√©pho,autre,A la radio,radio,,,,
Par autorit√© loca,fonctionnaires_gouvernement,A la maison,autre,,,,
Par lettre,autre,Radio,radio,,,,
Par lettre,autre,R√©union de communaut,face_a_face,,,,
Radio r v k,radio,Radio,radio,,,,
Radio f m,radio,Radio,radio,,,,
Par des amis,amis_famille,Radio,radio,,,,
Radio f m,radio,A la radio,radio,,,,
Par radio f m,radio,A la radio,radio,,,,
Radio fm,radio,A la radio,radio,,,,
Radio f m,radio,Radio,radio,,,,
Le chef de lieu,chef_communaut√,Radio,radio,,,,
Chez chefs,chef_communaut√,A la radio,radio,,,,
Radio,radio,A la radio,radio,,,,
Par la radio,radio,A la radio,radio,,,,
Leaders comminautaires,chef_communaut√,A la radio,radio,,,,
Leaders communautaires,chef_communaut√, A la Radio,radio,,,,
Media,autre,Radio,radio,,,,
D√©l√©gu√© des d√©pl,autre,La radio,radio,,,,
Radio,radio,Radio,radio,,,,
Radio,radio,Radio,radio,,,,
Radio,radio,Radio,radio,,,,
Radio,radio,Radio,radio,,,,
Aucun,autre,Radio,radio,,,,
Chef de village,chef_communaut√,Radio,radio,,,,
Radio,radio,Radio,radio,,,,
Voisins,amis_famille,A la radio,radio,,,,
ROMA,autre,Radio,radio,,,,
Mon p√®r,amis_famille,A la maison,autre,,,,
Radio,radio,A la radio,radio,,,,
Radio,radio,A la radio,radio,,,,
Monsieur le Maire,fonctionnaires_gouvernement,A la radio,radio,,,,
Monsieur le Maire,fonctionnaires_gouvernement,Radio,radio,,,,
Monsieur le Maire,fonctionnaires_gouvernement,Radio,radio,,,,
Rumeurs,autre,Radio,radio,,,,
Radio,radio,Radio,radio,,,,
Radio,radio,Radio,radio,,,,
Radio,radio,Radio,radio,,,,
T√©l√©pho,autre,Radio,radio,,,,
Radio,radio,A la radio,radio,,,,
Radio,radio,Radio,radio,,,,
Radio,radio,Dans la radio,radio,,,,
Radio,radio,La radio,radio,,,,
Radio,radio,La radio,radio,,,,
Radio,radio,La  radio,radio,,,,
Radio,radio,La radio,radio,,,,
Radio,radio,La radio,radio,,,,
Radio,radio,"La radio, t√©l√©phone, panneau solaire pour charger la batteri",autre,,,,
Radio,radio,La radio,radio,,,,
Radio,radio,La radio,radio,,,,
Chef de groupe et le pr√©sident des jeune,chef_communaut√,La radio,radio,,,,
Chef du groupe et leaders religieux,autre,La radio,radio,,,,
Pr√©sident jeuness,chef_communaut√,La radio,radio,,,,
A la radio(Bangui eT Ndeke Luka),radio,Radio,radio,,,,
Radio,radio,Radio,radio,,,,
Par t√©l√©pho,autre,Radio,radio,,,,
Par.un.poste.radio,radio,Bouche √† oreill,face_a_face,,,,
A la radio nationale,radio,Radio,radio,,,,
De bouche a l'oreille,autre,Radio plus t√©l√©pho,autre,,,,
Journaliste,autre,Radio,radio,,,,
Journaliste,autre,Par la radio,radio,,,,
Journaliste,autre,Radio,radio,,,,
Journaliste,autre,Radio,radio,,,,
Journaliste,autre,Radio,radio,,,,
Upc,groupes_armes,Radio,radio,,,,
Radio FM,radio,Radiio et t√©l√©pho,autre,,,,
Chef de groupe,chef_communaut√,Par la radio,radio,,,,
Voir le pr√©sident du sit,chef_communaut√,Radio,radio,,,,
Radio,radio,Radio,radio,,,,
Radio,radio,Radio,radio,,,,
T√©l√©pho,autre,Radio,radio,,,,
Le chef du quartier,chef_communaut√,Radio,radio,,,,
Par la voix des ondes,radio,Radio,radio,,,,
La radio,radio,Radio,radio,,,,
Chef du village,chef_communaut√,Radio,radio,,,,
Chef du village,chef_communaut√,Radio,radio,,,,
Radio,radio,Radio,radio,,,,
Radio ,radio,Radio,radio,,,,
Radio,radio,Radio,radio,,,,
Plateforme,autre,Radio,radio,,,,
Radio,radio,Radio,radio,,,,
Radio,radio,Radio,radio,,,,
Radio,radio,Radio,radio,,,,
Radio r√©gional,radio,La radio,radio,,,,
Radio,radio,Radio,radio,,,,
Radio,radio,Radio,radio,,,,
Radio,radio,Ras,radio,,,,
Par la radio,radio,Radio,radio,,,,
T√©l√©pho,autre,Radio,radio,,,,
Les agents de la mairie,fonctionnaires_gouvernement,Radio,radio,,,,
Pr√©sident de la jeuness,chef_communaut√,Radio,radio,,,,
La radio,radio,Radio,radio,,,,
Journaliste,autre,La radio,radio,,,,
R√©seau t√©l√©phoni,autre,Radio,radio,,,,
Aucune,autre,Radio,radio,,,,
Journaliste,autre,Par l'annonce a l'√©glis,face_a_face,,,,
Difficile d'avoir des informations mais gr√¢ce aux humanitaire qui commence √† circuler dans la zo,autre,Radio,radio,,,,
Radio,radio,Radio,radio,,,,
Radio,radio,Radio,radio,,,,
Radio,radio,Radio,radio,,,,
Ont pr√©fere la radio national,radio,Radio,radio,,,,
Leader communautaires,chef_communaut√,Radio,radio,,,,
Radio,radio,Radio,radio,,,,
De la part de cette nouvelle aide humanitaire Reach,autre,Radio,radio,,,,
Leaders communautaires,chef_communaut√,Radio,radio,,,,
Leaders communautaires,chef_communaut√,Par la radio,radio,,,,
Radio,radio,La radio,radio,,,,
Je suis veille tout le monde me respecte on vienne me consult√©e a la maison,autre,Poste radio,radio,,,,
Par la radio de nos voisins,radio,Poste radio,radio,,,,
Radio,radio,Poste radio,radio,,,,
Radio,radio,Radio,radio,,,,
Radio,radio,Radio,radio,,,,
Radio,radio,Radio,radio,,,,
Radio communautaire,radio,Les s√©curit√©s du si,autre,,,,
Par lettre,autre,Aide humanitaire,face_a_face,,,,
Par radio,radio,Aide humanitaire,face_a_face,,,,
Radio FM,radio,Radio,radio,,,,
Par t√©l√©pho,autre,Radio,radio,,,,
Par radio FM,radio,Radio,radio,,,,
T√©l√©pho,autre,Radio,radio,,,,
Par lettre,autre,Communaut√© local,face_a_face,,,,
Par lettre,autre,Bouche √† oreill,face_a_face,,,,
Par lettre,autre,Communaut√© local,face_a_face,,,,
Par lettre,autre,Radio,radio,,,,
Par lettre,autre,Radio,radio,,,,
Radio FM,radio,Radio,radio,,,,
,,Radio,radio,,,,
,,Radio,radio,,,,
,,Radio,radio,,,,
,,Radio,radio,,,,
,,Radio,radio,,,,
,,Radio,radio,,,,
,,Radio,radio,,,,
,,Radio,radio,,,,
,,Bouche a l' oreille,face_a_face,,,,
,,Bouche √† l' oreill,face_a_face,,,,
,,Poste radio,radio,,,,
,,La radio,radio,,,,
,,Radio,radio,,,,
,,Radio,radio,,,,
,,Radio diffusion,radio,,,,
,,Radio,radio,,,,
,,Radio,radio,,,,
,,Radio,radio,,,,
,,Radio,radio,,,,
,,Radio,radio,,,,
,,La radio,radio,,,,
,,Par les agents ong,face_a_face,,,,
,,Radio,radio,,,,
,,Radio,radio,,,,
,,Radio,radio,,,,
,,Radio,radio,,,,
,,Radio,radio,,,,
,,Radio,radio,,,,
,,Radio,radio,,,,
,,Radio,radio,,,,
,,Radio,radio,,,,
,,Radio,radio,,,,
,,Radio,radio,,,,
,,Radio,radio,,,,
,,Radio,radio,,,,
,,Radios,radio,,,,
,,"Radio,etc...",radio,,,,
,,Vers mes parents quand il viennent de la ville,face_a_face,,,,
,,Diffusion a la radio locale,radio,,,,
,,Diffusion √† la radio local,radio,,,,
,,Chef de group,face_a_face,,,,
,,Radio locale,radio,,,,
,,Radio Siri et ndekelouka,radio,,,,
,,Radio locale,radio,,,,
,,Radio locale,radio,,,,
,,Radio,radio,,,,
,,Radio locale,radio,,,,
,,Chef de village,face_a_face,,,,
,,Radio locale,radio,,,,
,,Radio,radio,,,,
,,Sensibilisation des acteurs humanitaire,face_a_face,,,,
,,Informations sur les entene radios,radio,,,,
,,R√©unio,face_a_face,,,,
,,R√©unio,face_a_face,,,,
,,R√©unio,face_a_face,,,,
,,Radio,radio,,,,
,,Radio,radio,,,,
,,Radio,radio,,,,
,,Radio,radio,,,,
,,Radio et le crielleur du chef,autre,,,,
,,Radio ,radio,,,,
,,Radio,radio,,,,
,,Radio(ndekelouka),radio,,,,
,,Radio(Siri Ndekelouka Gira),radio,,,,
,,Radio locale,radio,,,,
,,Radio etc...,radio,,,,
,,Radio locale,radio,,,,
,,Radio,radio,,,,
,,Radio,radio,,,,
,,¿ la radio,radio,,,,
,,Avec la radio,radio,,,,
,,Radio locale,radio,,,,
,,Radio locale,radio,,,,
,,Radio,radio,,,,
,,Radio,radio,,,,
,,Chef quartier,face_a_face,,,,
,,Par le chef de quartier o√π √† l'√©glise par le paste,face_a_face,,,,
,,Chef de quartier,face_a_face,,,,
,,Chef de quartier ou les humanitaires,face_a_face,,,,
,,Par le chef du quartier,face_a_face,,,,
,,¿ travers le chef du quartier,face_a_face,,,,
,,¿ travers le chef du quartier,face_a_face,,,,
,,Chef de quartier ,face_a_face,,,,
,,Avec,autre,,,,
,,R√©unio,face_a_face,,,,
,,R√©unio,face_a_face,,,,
,,Par la radio,radio,,,,
,,La radio,radio,,,,
,,La radio,radio,,,,
,,Post radio,radio,,,,
,,La radio,radio,,,,
,,Par la radio,radio,,,,
,,Poste radio,radio,,,,
,,Radio,radio,,,,
,,Poste radio ,radio,,,,
,,Poste radio,radio,,,,
,,Post√© radi,radio,,,,
,,Chef communaut√,face_a_face,,,,
,,Par radio,radio,,,,
,,La radio,radio,,,,
,,Information par poste radio,radio,,,,
,,Poste radio,radio,,,,
,,La famille,face_a_face,,,,
,,Sur un poste radio,radio,,,,
,,R√©union chez le che,face_a_face,,,,
,,Par la radio,radio,,,,
,,Par la radio,radio,,,,
,,Par le chef de groupe,face_a_face,,,,
,,Par le chef de groupe,face_a_face,,,,
,,Par sultan ou soit par chef de quartier,face_a_face,,,,
,,Chef de quartier,face_a_face,,,,
,,Chef,face_a_face,,,,
,,Chef de quartier,face_a_face,,,,
,,Chef de quartier,face_a_face,,,,
,,Chef de quartier,face_a_face,,,,
,,Chef,face_a_face,,,,
,,Chef de quartier,face_a_face,,,,
,,Chef de quartier,face_a_face,,,,
,,Radio,radio,,,,
,,A travers l'autorit√© administrativ,face_a_face,,,,
,,Par le sous pr√©fe,face_a_face,,,,
,,A travers le chef du quartier,face_a_face,,,,
,,Par la sensibilisation,face_a_face,,,,
,,A travers la radio,radio,,,,
,,Bouche √† oreill,face_a_face,,,,
,,Bouche √† oreill,face_a_face,,,,
,,Bouche √† oreill,face_a_face,,,,
,,Bouche √† oreill,face_a_face,,,,
,,Poste radio,radio,,,,
,,Poste radio,radio,,,,
,,Bouche a bouche,face_a_face,,,,
,,Poste radio,radio,,,,
,,De la part des ongs.,face_a_face,,,,
,,Poste radio,radio,,,,
,,Radio,radio,,,,
,,Poste radio,radio,,,,
,,Radio,radio,,,,
,,Poste radio,radio,,,,
,,Radio,radio,,,,
,,Radio,radio,,,,
,,Bouche √† l' oreill,face_a_face,,,,
,,Radio,radio,,,,
,,Radio,radio,,,,
,,Radio,radio,,,,
,,Radio,radio,,,,
,,Radio,radio,,,,
,,Radio,radio,,,,
,,Radio,radio,,,,
,,Radio,radio,,,,
,,Radio,radio,,,,
,,Radio,radio,,,,
,,Radio,radio,,,,
,,Radio,radio,,,,
,,Radio,radio,,,,
,,Radio,radio,,,,
,,A travers les amis,face_a_face,,,,
,,Par les autorit√©,face_a_face,,,,
,,Radio,radio,,,,
,,A travers les parents,face_a_face,,,,
,,Les diff√©rentes radios en RC,radio,,,,
,,Nous voulons une antenne t√©l√©phoniq,autre,,,,
,,Antenne t√©l√©phoniq,appel,,,,
,,Nous voulons une antenne t√©l√©phonique et les radi,autre,,,,
,,Radio,radio,,,,
,,"Grande sensibilisation, pendant la r√©union hebdomadair",face_a_face,,,,
,,Radio,radio,,,,
,,Sensibilisation,face_a_face,,,,
,,Poste radio,radio,,,,
,,Radio,radio,,,,
,,R√©unio,face_a_face,,,,
,,R√©unio,face_a_face,,,,
,,Poste radio,radio,,,,
,,Par le chef de village,face_a_face,,,,
,,De la part de chef de village,face_a_face,,,,
,,Je merci √† tous les aide,autre,,,,
,,Informations par la radio,radio,,,,
,,Par radio,radio,,,,
,,Par la radio,radio,,,,
,,Communication directe,face_a_face,,,,
,,Par le chef de village,face_a_face,,,,
,,R√©unio,face_a_face,,,,
,,RADIO,radio,,,,
,,Sensibilisation,face_a_face,,,,
,,Les rumeurs,autre,,,,
,,Aupr√®s des ami,face_a_face,,,,
,,Par la sensibilit√© de mass,face_a_face,,,,
,,Sensibilisation,face_a_face,,,,
,,Sensibilisation,face_a_face,,,,
,,Par les passants et les responsables communautaire,face_a_face,,,,
,,R√©unio,face_a_face,,,,
,,A travers le chef du quartier,face_a_face,,,,
,,Chez Madame le m√®re,face_a_face,,,,
,,R√©unio,face_a_face,,,,
,,R√©unio,face_a_face,,,,
,,R√©unio,face_a_face,,,,
,,R√©unio,face_a_face,,,,
,,R√©unio,face_a_face,,,,
,,R√©unio,face_a_face,,,,
,,Chef de groupe,face_a_face,,,,
,,Radio,radio,,,,
,,Radio,radio,,,,
,,Radio,radio,,,,
,,Radio,radio,,,,
,,Radio,radio,,,,
,,Radio,radio,,,,
,,Radio,radio,,,,
,,Radio,radio,,,,
,,De la part des ongs,face_a_face,,,,
,,Bouche a l' oreille,face_a_face,,,,
,,Les nouvelles de la s√©curit√© dans notre zone et les nourriture auss,face_a_face,,,,
,,De la part des autorit√©s de notre pay,face_a_face,,,,
,,Nous avons b√©soin de la s√©curit√© de la part de nos arm,autre,,,,
,,Bouche √† l' oreill,face_a_face,,,,
,,De la part de chef de la communaut√©,face_a_face,,,,
,,Radio,radio,,,,
,,Radio,radio,,,,
,,Radio,radio,,,,
,,Poste radio,radio,,,,
,,Poste radio,radio,,,,
,,Poste radio,radio,,,,
,,Poste radio,radio,,,,
,,Poste radio,radio,,,,
,,Poste radio,radio,,,,
,,Aucun,autre,,,,
,,Chef de groupe,face_a_face,,,,
,,Chef du village _ pasteur,face_a_face,,,,
,,Radio et le chef du village,autre,,,,
,,Radio et aussi le chef du villages,autre,,,,
,,¿ la radio,radio,,,,
,,¿ la radio,radio,,,,
,,Chez le chef,face_a_face,,,,
,,Radio,radio,,,,
,,Radio,radio,,,,
,,Par la radio,radio,,,,
,,¿ la place du village,face_a_face,,,,
,,Par le chef du village,face_a_face,,,,
,,A travers la sensibilisation,face_a_face,,,,
,,La radio,radio,,,,
,,Radio nationale,radio,,,,
,,Radio,radio,,,,
,,Radio,radio,,,,
,,Radio,radio,,,,
,,Radio,radio,,,,
,,Radio,radio,,,,
,,Radio,radio,,,,
,,Radio,radio,,,,
,,Radio,radio,,,,
,,Radio,radio,,,,
,,Radio,radio,,,,
,,Radio,radio,,,,
,,Radio,radio,,,,
,,A la radio,radio,,,,
,,A la radio,radio,,,,
,,A la radio,radio,,,,
,,Radio,radio,,,,
,,Radio,radio,,,,
,,Radio,radio,,,,
,,A la radio ,radio,,,,
,,A la radio,radio,,,,
,,Radio,radio,,,,
,,A la radio,radio,,,,
,,A la radio,radio,,,,
,,Radio,radio,,,,
,,A la radio,radio,,,,
,,Radio,radio,,,,
,,A la radio,radio,,,,
,,Radio,radio,,,,
,,A la radio,radio,,,,
,,La radio,radio,,,,
,,Aupr√®s des gen,face_a_face,,,,
,,Radio,radio,,,,
,,Radio,radio,,,,
,,Radio,radio,,,,
,,Radio,radio,,,,
,,La radio,radio,,,,
,,A la radio,radio,,,,
,,Radio,radio,,,,
,,A la radio,radio,,,,
,,Radio,radio,,,,
,,Radio ,radio,,,,
,,Radio ,radio,,,,
,,Radio,radio,,,,
,,Radio,radio,,,,
,,Radio,radio,,,,
,,Radio,radio,,,,
,,Radio,radio,,,,
,,Radio,radio,,,,
,,Radio,radio,,,,
,,Radio,radio,,,,
,,Radio,radio,,,,
,,Radio,radio,,,,
,,A la radio,radio,,,,
,,A la radio,radio,,,,
,,A la radio,radio,,,,
,,A la radio,radio,,,,
,,Radio,radio,,,,
,,Radio,radio,,,,
,,Radio,radio,,,,
,,Radio,radio,,,,
,,Par la radio,radio,,,,
,,Radio,radio,,,,
,,Chez le chef,face_a_face,,,,
,,Chez le chef du village,face_a_face,,,,
,,Chez le chef,face_a_face,,,,
,,"Chez le chef
",face_a_face,,,,
,,Radio,radio,,,,
,,Par la radio,radio,,,,
,,Les passants,face_a_face,,,,
,,Les passants,face_a_face,,,,
,,Radio locale ou guitare fm,radio,,,,
,,Les passants,face_a_face,,,,
,,Guitare FM et a travers les passants,face_a_face,,,,
,,Les passants,face_a_face,,,,
,,Radio,radio,,,,
,,Radio et les voisins,autre,,,,
,,Radio,radio,,,,
,,Radio,radio,,,,
,,Radio,radio,,,,
,,Le chef du quartier,face_a_face,,,,
,,Les autorit√©,face_a_face,,,,
,,Le chef du quartier,face_a_face,,,,
,,Les autorit√©,face_a_face,,,,
,,Le chef du quartier,face_a_face,,,,
,,Les autorit√©s locale,face_a_face,,,,
,,Les autorit√©s locale,face_a_face,,,,
,,Les autorit√©,face_a_face,,,,
,,Le chef du quartier,face_a_face,,,,
,,Le chef du quartier,face_a_face,,,,
,,Par lettre,autre,,,,
,,Par lettre,autre,,,,
,,Par lettre,autre,,,,
,,Radio,autre,,,,
,,Radio,autre,,,,
,,Radio,autre,,,,
,,Radio,autre,,,,
,,Lettre,autre,,,,
,,Par les amis,face_a_face,,,,
,,Chez le chef,face_a_face,,,,
,,Chez le chef,face_a_face,,,,
,,Chez le chef,face_a_face,,,,
,,Chez le chef,face_a_face,,,,
,,Par des amis,face_a_face,,,,
,,Au domicile du chef,face_a_face,,,,
,,Radio et chez le chef,autre,,,,
,,Chez le chef et par des parents ,face_a_face,,,,
,,Radio et par le chef,autre,,,,
,,Par des amis,face_a_face,,,,
,,Radio,radio,,,,
,,Domicile du chef de village,face_a_face,,,,
,,Chez le chef,face_a_face,,,,
,,Radio et pendant la r√©union chez le che,autre,,,,
,,Chez le chef,face_a_face,,,,
,,Radio,radio,,,,
,,Lettres,autre,,,,
,,Chef de Quartier,face_a_face,,,,
,,Chef de Quartier,face_a_face,,,,
,,Le chef de Quartier,face_a_face,,,,
,,Le chef de Quartier,face_a_face,,,,
,,Le chef de Quartier,face_a_face,,,,
,,Le chef quartier,face_a_face,,,,
,,Le chef du quartier,face_a_face,,,,
,,Le chef du quartier,face_a_face,,,,
,,Les autorit√©s locale,face_a_face,,,,
,,Le chef du quartier,face_a_face,,,,
,,Leader communautaire,face_a_face,,,,
,,R   a.  S,autre,,,,
,,Radio,radio,,,,
,,Radio,radio,,,,
,,Radio,radio,,,,
,,Le chef du quartier,face_a_face,,,,
,,Radio,radio,,,,
,,Radio,radio,,,,
,,"Radio(RFI,siriri)",radio,,,,
,,"Radio(siriri,rfi)",radio,,,,
,,Radio,radio,,,,
,,"Radio(siriri, ma√Øgaro,ndekelouka,guitare,",radio,,,,
,,Radio,radio,,,,
,,Radios,radio,,,,
,,Radio,radio,,,,
,,Radio,radio,,,,
,,Radio,radio,,,,
,,Radio,radio,,,,
,,Radio,radio,,,,
,,Radio,radio,,,,
,,Radio,radio,,,,
,,Radio,radio,,,,
,,Radio,radio,,,,
,,Par la radio...,radio,,,,
,,"L'ins√©curit√©",autre,,,,
,,Siffle,autre,,,,
,,Siffle,autre,,,,
,,Radio locale,radio,,,,
,,Radio locale,radio,,,,
,,Radio locale,radio,,,,
,,Radio,radio,,,,
,,Chef du village et les leaders religieux du village...,face_a_face,,,,
,,Radios,radio,,,,
,,Radios,radio,,,,
,,Radios,radio,,,,
,,Radios,radio,,,,
,,Radios,radio,,,,
,,Radios,radio,,,,
,,Radios,radio,,,,
,,Radios,radio,,,,
,,Face √† face aux passant,face_a_face,,,,
,,Radio siriri,radio,,,,
,,Par son agent,face_a_face,,,,
,,Verbal,face_a_face,,,,
,,Radio locale,radio,,,,
,,Radio locale,radio,,,,
,,Radio,radio,,,,
,,Radio,radio,,,,
,,Radio,radio,,,,
,,Chef de quartier,face_a_face,,,,
,,Radio,radio,,,,
,,Radio,radio,,,,
,,Radio,radio,,,,
,,Radio,radio,,,,
,,Radio,radio,,,,
,,Radio,radio,,,,
,,Par la Radio,radio,,,,
,,Radio,radio,,,,
,,Radio,radio,,,,
,,Radio,radio,,,,
,,Radios,radio,,,,
,,Radios,radio,,,,
,,Radio locale,radio,,,,
,,Capita,autre,,,,
,,Par la Radio locale...,radio,,,,
,,Radio,radio,,,,
,,Radio,radio,,,,
,,Radio,radio,,,,
,,Radio,radio,,,,
,,Radio,radio,,,,
,,Radio,radio,,,,
,,Radio,radio,,,,
,,Radio,radio,,,,
,,Radio,radio,,,,
,,Radio,radio,,,,
,,Radio,radio,,,,
,,Radio,radio,,,,
,,Diffusion radio,radio,,,,
,,Via radio,radio,,,,
,,Radio communautaire,radio,,,,
,,Par nos voisins,face_a_face,,,,
,,Pendant la r√©union de s√©curi,face_a_face,,,,
,,Radio,radio,,,,
,,Radio,radio,,,,
,,Radio,radio,,,,
,,Radio,radio,,,,
,,Radio,radio,,,,
,,Les amis,face_a_face,,,,
,,Par des amis,face_a_face,,,,
,,Par une Sensibilisation de masse dans les site.,face_a_face,,,,
,,Radio Communautaire,radio,,,,
,,Radio communautaire ou une Sensibilisation de Masse dans les quartiers et les sites.,autre,,,,
,,"Sensibilisation,Radio communautaire, comit√© de suivi, charg√©e des informations ect..",autre,,,,
,,Sensibilis√©e nous d'avec les infos qui ns concerne nous dans les quartiers,face_a_face,,,,
,,La radio,radio,,,,
,,Radio,radio,,,,
,,Radio,radio,,,,
,,Radio,radio,,,,
,,Radio,radio,,,,
,,Radio,radio,,,,
,,Radio,radio,,,,
,,Radio,radio,,,,
,,Radio,radio,,,,
,,Radio,radio,,,,
,,Radio,radio,,,,
,,Radio,radio,,,,
,,Manque De. Moyens,autre,,,,
,,Maque de reseau,autre,,,,
,,Manque  De. entaine,autre,,,,
,,Manque de Entaine,autre,,,,
,,Manque De. Entaine,autre,,,,
,,Manque de Reseau,autre,,,,
,,Pas  De Reseau,autre,,,,
,,Pas De.  Reseau,autre,,,,
,,Pas De Reseau,autre,,,,
,,D√©placemen,autre,,,,
,,Si je sors hors du village,autre,,,,
,,Radio,radio,,,,
,,Crieur,autre,,,,
,,R√©unio,face_a_face,,,,
,,R√©unio,face_a_face,,,,
,,R√©unio,face_a_face,,,,
,,R√©unio,face_a_face,,,,
,,R√©unio,face_a_face,,,,
,,Par le chef du village,face_a_face,,,,
,,Radio,radio,,,,
,,Radio,radio,,,,
,,Pas De Reseau,autre,,,,
,,Pas De Reseau,autre,,,,
,,R√©unio,face_a_face,,,,
,,R√©unio,face_a_face,,,,
,,R√©unio,face_a_face,,,,
,,R√©unio,face_a_face,,,,
,,R√©unio,face_a_face,,,,
,,R√©unio,face_a_face,,,,
,,R√©unio,face_a_face,,,,
,,R√©unio,face_a_face,,,,
,,R√©unio,face_a_face,,,,
,,R√©unio,face_a_face,,,,
,,R√©unio,face_a_face,,,,
,,R√©unio,face_a_face,,,,
,,R√©unio,face_a_face,,,,
,,R√©unio,face_a_face,,,,
,,R√©unio,face_a_face,,,,
,,R√©unio,face_a_face,,,,
,,R√©unio,face_a_face,,,,
,,R√©unio,face_a_face,,,,
,,R√©unio,face_a_face,,,,
,,R√©unio,face_a_face,,,,
,,Par le chef de village,face_a_face,,,,
,,Communication directe,face_a_face,,,,
,,Bouche √† l'oreill,face_a_face,,,,
,,Par le chef du village,face_a_face,,,,
,,Par le chef de village,face_a_face,,,,
,,Par le chef de village,face_a_face,,,,
,,Par le chef de village,face_a_face,,,,
,,Radio,radio,,,,
,,Radio,radio,,,,
,,Radio,radio,,,,
,,Radio,radio,,,,
,,Radio,radio,,,,
,,Radio,radio,,,,
,,Radio,radio,,,,
,,Radio,radio,,,,
,,Radio,radio,,,,
,,Radio,radio,,,,
,,Radio,radio,,,,
,,Radio,radio,,,,
,,Radio,radio,,,,
,,Radio,radio,,,,
,,Par lettre,autre,,,,
,,Par lettre,autre,,,,
,,Les passants et la radio,autre,,,,
,,Radio et les passants,autre,,,,
,,"Radio Centrafrique,ndeke Luka,guitare FM et les passants",radio,,,,
,,Radio,radio,,,,
,,Les autorit√©s locale,face_a_face,,,,
,,Le chef du quartier,face_a_face,,,,
,,Le chef du quartier,face_a_face,,,,
,,Le chef du quartier,face_a_face,,,,
,,Radio FM,radio,,,,
,,Radio FM,radio,,,,
,,Radio FM,radio,,,,
,,Radio FM,radio,,,,
,,Radio FM,radio,,,,
,,Radio FM,radio,,,,
,,Radio Fm,radio,,,,
,,Radio FM,radio,,,,
,,R√©unio,face_a_face,,,,
,,R√©unio,face_a_face,,,,
,,Rassemblement,face_a_face,,,,
,,"Convocation, r√©unio",face_a_face,,,,
,,Dans une r√©union chez le che,face_a_face,,,,
,,R√©unio,face_a_face,,,,
,,R√©unio,face_a_face,,,,
,,R√©unio,face_a_face,,,,
,,R√©union ordinair,face_a_face,,,,
,,Radio FM,radio,,,,
,,Radio FM,radio,,,,
,,Avec le leader religieux,face_a_face,,,,
,,A travers son porte parole,face_a_face,,,,
,,R√©unio,face_a_face,,,,
,,R√©unio,face_a_face,,,,
,,R√©unio,face_a_face,,,,
,,Radio,radio,,,,
,,Radio,radio,,,,
,,Radio,radio,,,,
,,Radio,radio,,,,
,,Radio,radio,,,,
,,Radio,radio,,,,
,,Radio,radio,,,,
,,Radio,radio,,,,
,,Siffle,autre,,,,
,,A la radio,radio,,,,
,,R√©union chef le chef ou √† la mair,face_a_face,,,,
,,R√©union,face_a_face,,,,
,,Par la radio,radio,,,,
,,Radio,radio,,,,
,,Par le porte parole du chef du quartier,face_a_face,,,,
,,Par le chef du quartier ,face_a_face,,,,
,,Par le porte parole du chef du quartier,face_a_face,,,,
,,Lors d'une r√©union communautair,face_a_face,,,,
,,Radio,radio,,,,
,,Par des r√©unions et sensiblisatio,face_a_face,,,,
,,Rien que la radio,radio,,,,
,,La radio,radio,,,,
,,La radio,radio,,,,
,,La radio,radio,,,,
,,La radio,radio,,,,
,,Par la radio et les ONG,radio,,,,
,,Le chef du quartier,face_a_face,,,,
,,Le chef du quartier,face_a_face,,,,
,,Le chef du quartier,face_a_face,,,,
,,Le chef du quartier,face_a_face,,,,
,,Le chef du quartier,face_a_face,,,,
,,Le chef du village,face_a_face,,,,
,,Le chef du village,face_a_face,,,,
,,Les autorit√©,face_a_face,,,,
,,Le chef du quartier,face_a_face,,,,
,,Le chef du village,face_a_face,,,,
,,Par la pr√©sence dans la r√©gi,face_a_face,,,,
,,Pendant la r√©union communautair,face_a_face,,,,
,,Le chef du village,face_a_face,,,,
,,Parmi les sages ou les passants,face_a_face,,,,
,,Chez le chef,face_a_face,,,,
,,Radio et les passants,autre,,,,
,,Radio,radio,,,,
,,Radio,radio,,,,
,,Les passants,face_a_face,,,,
,,Les passants,face_a_face,,,,
,,Les passants,face_a_face,,,,
,,Les passants,face_a_face,,,,
,,Radio,radio,,,,
,,Radio,radio,,,,
,,Radio,radio,,,,
,,Radio,radio,,,,
,,Radio. Locales. La voix    de kemo,radio,,,,
,,Radio,radio,,,,
,,Radio,radio,,,,
,,Le chef du village,face_a_face,,,,
,,Les autorit√©s locale,face_a_face,,,,
,,Les autorit√©s locale,face_a_face,,,,
,,Les autorit√©s locale,face_a_face,,,,
,,Les autorit√©,face_a_face,,,,
,,Radio,radio,,,,
,, Bouche a l'oreil,face_a_face,,,,
,,"Radio, telephone",autre,,,,
,,Radio f m,radio,,,,
,,Par lettre,autre,,,,
,,Radio f m,face_a_face,,,,
,,Par lettre,autre,,,,
,,Par lettre,autre,,,,
,,Par lettre,autre,,,,
,,Par lettre,autre,,,,
,,Le chef du village,face_a_face,,,,
,,Le chef du village,face_a_face,,,,
,,Colaborateur,face_a_face,,,,
,,Le chef du village,face_a_face,,,,
,,Le chef du quartier,face_a_face,,,,
,,Le chef du quartier,face_a_face,,,,
,,Au pr√®s des autorit√,face_a_face,,,,
,,Les autorit√©s locale,face_a_face,,,,
,,Le chef du village,face_a_face,,,,
,,Le chef du quartier,face_a_face,,,,
,,Le chef du quartier,face_a_face,,,,
,,Par un parent ou amis de passage,face_a_face,,,,
,,Radio,radio,,,,
,,Radio icdi,radio,,,,
,,Radio icdi,radio,,,,
,,Les passants,face_a_face,,,,
,,Radio icdi ou chez le chef,radio,,,,
,,Radio et chez le chef,radio,,,,
,,Les passants,face_a_face,,,,
,,A travers les ONG et les autorit√©s locale,face_a_face,,,,
,,Les autorit√© locale,face_a_face,,,,
,,Les passants,face_a_face,,,,
,,Taxi moto,face_a_face,,,,
,,Radio,radio,,,,
,,Leader. Comunautaire,face_a_face,,,,
,,Radio,radio,,,,
,,Radio,radio,,,,
,,Radio,radio,,,,
,,Radio,radio,,,,
,,Radio,radio,,,,
,,Radio,radio,,,,
,,Leader communotaire,face_a_face,,,,
,,Radio,radio,,,,
,,Radio Ndekeluca,radio,,,,
,,Par lettre,autre,,,,
,,Par lettre,autre,,,,
,,Par lettre,autre,,,,
,,Par lettre,autre,,,,
,,Par lettre,autre,,,,
,,Par lettre,autre,,,,
,,Par lettre,autre,,,,
,,Par lettre,autre,,,,
,,Par lettre,autre,,,,
,,Par lettre,autre,,,,
,,Lettre,autre,,,,
,,Radio,radio,,,,
,,Le chef de quartier ,face_a_face,,,,
,,Radio,radio,,,,
,,Radio,radio,,,,
,,Radio,radio,,,,
,,Radio,radio,,,,
,,Radio,radio,,,,
,,Radio,radio,,,,
,,Radio,radio,,,,
,,Radio,radio,,,,
,,Radio,radio,,,,
,,Radio,radio,,,,
,,Radio,radio,,,,
,,Radio,radio,,,,
,,Par le chef,face_a_face,,,,
,,N'importe moyens,autre,,,,
,,Radio,radio,,,,
,,Radio,radio,,,,
,,Radio,radio,,,,
,,Radio,radio,,,,
,,Radio,radio,,,,
,,Radio,radio,,,,
,,Radio,radio,,,,
,,Radio,radio,,,,
,,Radio,radio,,,,
,,Radio,radio,,,,
,,Chef de la communaut√,face_a_face,,,,
,,Radio,radio,,,,
,,Radio,radio,,,,
,,Radio,radio,,,,
,,Radio,radio,,,,
,,Radio,radio,,,,
,,Radio,radio,,,,
,,Radio,radio,,,,
,,Radio,radio,,,,
,,Radio,radio,,,,
,,Radio,radio,,,,
,,Radio,radio,,,,
,,Ami et radio,autre,,,,
,,Radio,radio,,,,
,,Aucun,autre,,,,
,,Chef de bloc,face_a_face,,,,
,,Radio,radio,,,,
,,Radio,radio,,,,
,,Radio,radio,,,,
,,Mercie,autre,,,,
,,Famille et les amis,face_a_face,,,,
,,Mercie,autre,,,,
,,Mercie,autre,,,,
,,Radio,radio,,,,
,,Radio,radio,,,,
,,Radio,radio,,,,
,,Radio,radio,,,,
,,Radio,radio,,,,
,,Radio,radio,,,,
,,Radio,radio,,,,
,,Radio,radio,,,,
,,Radio,radio,,,,
,,Radio,radio,,,,
,,Radio et le chef du quartier,autre,,,,
,,Radio et le chef du quartier,autre,,,,
,,Radio et le chef du quartier,autre,,,,
,,Radio et le chef du quartier,autre,,,,
,,Par la radio et personnels des ONG.,autre,,,,
,,Par le chef de localit√,face_a_face,,,,
,,Par le chef de localit√,face_a_face,,,,
,,Radio,radio,,,,
,,Radio,radio,,,,
,,Radio,radio,,,,
,,Radio,radio,,,,
,,Radio,radio,,,,
,,Radio,radio,,,,
,,Radio,radio,,,,
,,Radio,radio,,,,
,,Radio,radio,,,,
,,Radio,radio,,,,
,,Radio,radio,,,,
,,R√©unio,radio,,,,
,,Crieur,face_a_face,,,,
,,Les populations,face_a_face,,,,
,,RAS,autre,,,,
,,Radio,radio,,,,
,,Radio,radio,,,,
,,Radio,radio,,,,
,,Radio,radio,,,,
,,Radio,radio,,,,
,,Radio,radio,,,,
,,Radio,radio,,,,
,,Radio,radio,,,,
,,Radio,radio,,,,
,,Radio,radio,,,,
,,Radio,radio,,,,
,,Radio,radio,,,,
,,Radio,radio,,,,
,,Radio,radio,,,,
,,Radio,radio,,,,
,,Radio,radio,,,,
,,Radio,radio,,,,
,,Radio,radio,,,,
,,Radio,radio,,,,
,,Radio,radio,,,,
,,Radio,radio,,,,
,,Au pr√®s des autorit√©s local,face_a_face,,,,
,,Radio,radio,,,,
,,A la radio,radio,,,,
,,R√©union avec les notable,face_a_face,,,,
,,Radio,radio,,,,
,,Au niveau de chef de quartier,face_a_face,,,,
,,R√©union avec le chef du villag,face_a_face,,,,
,,A la radio,radio,,,,
,,Radio,radio,,,,
,,Radio,radio,,,,
,,A la radio,radio,,,,
,,Au niveau des autorit√©s locale,face_a_face,,,,
,,A la radio,radio,,,,
,,Radio,radio,,,,
,,A la radio,radio,,,,
,,A la radio,radio,,,,
,,Radio,radio,,,,
,,A la radio,radio,,,,
,,A la radio,radio,,,,
,,Radio,radio,,,,
,,Radio,radio,,,,
,,Par le chef de la locate,face_a_face,,,,
,,Radio,radio,,,,
,,Informations,autre,,,,
,,Radio,radio,,,,
,,Radio,radio,,,,
,,A travers les autorit√©s locale,face_a_face,,,,
,,A la radio,radio,,,,
,,Radio,radio,,,,
,,A la radio,radio,,,,
,,Radio,radio,,,,
,,Radio,radio,,,,
,,A la radio,radio,,,,
,,Autorit√© locale,face_a_face,,,,
,,La radio ,radio,,,,
,,Radio,radio,,,,
,,Radio,radio,,,,
,,Radio,radio,,,,
,,A la radio,radio,,,,
,,A la radio,radio,,,,
,,A la radio,radio,,,,
,,A la radio,radio,,,,
,,A la radio,radio,,,,
,,Radio,radio,,,,
,,Radio ,radio,,,,
,,Megaphone,hauts_parleurs,,,,
,,Par radio communautaire,radio,,,,
,,Par radio communautaire,radio,,,,
,,Par radio communautaire,radio,,,,
,,Par radio guyra f m,radio,,,,
,,Par radio communautaire,radio,,,,
,,Radio,radio,,,,
,,Radio,radio,,,,
,,Radio,radio,,,,
,,Radio,radio,,,,
,,M√©dia,autre,,,,
,,Radio,radio,,,,
,,Radio,radio,,,,
,,M√©dia,autre,,,,
,,Radio,radio,,,,
,,Radio,radio,,,,
,,Radio,radio,,,,
,,Radio,radio,,,,
,,M√©dia,autre,,,,
,,Radio,radio,,,,
,,Radio,radio,,,,
,,Par les personnes,face_a_face,,,,
,,Par les parents,face_a_face,,,,
,,Par les personnes d'autres personnes sur place,face_a_face,,,,
,,Par les messages de chef,face_a_face,,,,
,,Face en face,face_a_face,,,,
,,Par le projet ecofone+,face_a_face,,,,
,,Par les voyageurs,face_a_face,,,,
,,Par t√©l√©pho,autre,,,,
,,Par t√©l√©pho,autre,,,,
,,Par les personnes voyage,face_a_face,,,,
,,Par les personnes voyage,face_a_face,,,,
,,Par les personnes voyage,face_a_face,,,,
,,Par les personnes voyage,face_a_face,,,,
,,Par les personnes voyage,face_a_face,,,,
,,Par les personnes d'autres voyageurs,face_a_face,,,,
,,Par les personnes voyage,face_a_face,,,,
,,Par les personnes d'autres,face_a_face,,,,
,,Par les personnes voyage,face_a_face,,,,
,,Par les personnes voyage,face_a_face,,,,
,,Par les personnes voyage,face_a_face,,,,
,,Par les personnes voyage,face_a_face,,,,
,,Par les personnes voyage,face_a_face,,,,
,,Par la radio communautaire,radio,,,,
,,Par la radio communautaire,radio,,,,
,,Par la radio communautaire,radio,,,,
,,Par la radio communautaire,radio,,,,
,,Par la radio communautaire,radio,,,,
,,Par la radio communautaire,radio,,,,
,,Radio,radio,,,,
,,Radio,radio,,,,
,,Radio,radio,,,,
,,Radio,radio,,,,
,,Radio,radio,,,,
,,Radio,radio,,,,
,,Radio,radio,,,,
,,Radio,radio,,,,
,,Radio,radio,,,,
,,Radio,radio,,,,
,,Radio,radio,,,,
,,Radio,radio,,,,
,,Radio,radio,,,,
,,Par Radio et avec le chef,autre,,,,
,,A la radio,radio,,,,
,,La RADIO,radio,,,,
,,La Radio,radio,,,,
,,La Radio,radio,,,,
,,La Radio,radio,,,,
,,La Radio,radio,,,,
,,La Radio,radio,,,,
,,Siffle,autre,,,,
,,Sifflet,autre,,,,
,,Siffl√,autre,,,,
,,Capita,autre,,,,
,,Capita,autre,,,,
,,Capita,autre,,,,
,,"On re√ßoit des informations par le biais de la radio:Ndeke Luka,radio Centrafrique,Notre Dame",radio,,,,
,,Information radio phonique..,radio,,,,
,,Radio,radio,,,,
,,Radio,radio,,,,
,,Radio,radio,,,,
,,Radio,radio,,,,
,,Radio,radio,,,,
,,Radio,radio,,,,
,,Radio,radio,,,,
,,Post√©.radi,radio,,,,
,,Par.un.poste.radio,radio,,,,
,,Radio,radio,,,,
,,Radio,radio,,,,
,,Radio,radio,,,,
,,Radio,radio,,,,
,,Les radios,radio,,,,
,,Radio,radio,,,,
,,Radio,radio,,,,
,,Radio,radio,,,,
,,Radio,radio,,,,
,,Radio,radio,,,,
,,Radio,radio,,,,
,,Radio,radio,,,,
,,Radio,radio,,,,
,,Radio,radio,,,,
,,Radio diffusion,radio,,,,
,,Radio,radio,,,,
,,Radio,radio,,,,
,,Radio ,radio,,,,
,,Radio,radio,,,,
,,Radio,radio,,,,
,,Radio,radio,,,,
,,De bouche a oreille,face_a_face,,,,
,,Radio,radio,,,,
,,Radio,radio,,,,
,,"La radio, t√©l√©pho",radio,,,,
,,La radio,radio,,,,
,,La radio,radio,,,,
,,La radio t√©l√©pho,autre,,,,
,,La radio et t√©l√©pho,autre,,,,
,,Radio FM ,radio,,,,
,,Radio FM ,radio,,,,
,,Radio FM ou la radio Rfi,radio,,,,
,,Radio FM ,radio,,,,
,,Radio Rfi ou FM ,radio,,,,
,,Dans une r√©union,face_a_face,,,,
,,Dans une r√©union,face_a_face,,,,
,,Durant la r√©union,face_a_face,,,,
,,En r√©union,face_a_face,,,,
,,Radio FM ,radio,,,,
,,Par les autorit√©s locale,face_a_face,,,,
,,Nous demandons la radio,radio,,,,
,,Avoir une poste radio ,radio,,,,
,,Radio,radio,,,,
,,Par radio communautaire ,radio,,,,
,,Par la radio communautaire ,radio,,,,
,,Radio communautaire ,radio,,,,
,,Par radio communautaire ,radio,,,,
,,Par le chef de quartier ,face_a_face,,,,
,,Chef de communaute,face_a_face,,,,
,,Par des chefs des villages,face_a_face,,,,
,,Par des chefs de la localiter,face_a_face,,,,
,,Radio communautaire,radio,,,,
,,Ala radio,radio,,,,
,,Radio hf,radio,,,,
,,A la radio,radio,,,,
,,A la radio,radio,,,,
,,A'la Radio,radio,,,,
,,Au cours d'une r√©union,face_a_face,,,,
,,Suuvre en direct,autre,,,,
,,A la radio,radio,,,,
,,A la radio,radio,,,,
,,A la radio,radio,,,,
,,A la radio,radio,,,,
,,A la radio,radio,,,,
,,A la radio,radio,,,,
,,Autorit√© local,face_a_face,,,,
,,A la radio,radio,,,,
,,A la radio,radio,,,,
,,Des communaut√©,face_a_face,,,,
,,Aupr√®s des voyageur,face_a_face,,,,
,,Leader communautaire,face_a_face,,,,
,,Leader communautaire,face_a_face,,,,
,,Chef de quartier,face_a_face,,,,
,,Aupr√®s de che,face_a_face,,,,
,,Par les chefs de village,face_a_face,,,,
,,Aupr√®s des autorit√©s local,face_a_face,,,,
,,Radio,radio,,,,
,,Radio,radio,,,,
,,A la radio,radio,,,,
,,A la radio,radio,,,,
,,A la radio,radio,,,,
,,A la radio,radio,,,,
,,A la radio,radio,,,,
,,A la radio,radio,,,,
,,Radio,radio,,,,
,,A la radio,radio,,,,
,,A la radio,radio,,,,
,,Autre personne tels que les taxi moto,face_a_face,,,,
,,A la radio,radio,,,,
,,Radio,radio,,,,
,,Radio,radio,,,,
,,Radio,radio,,,,
,,Radio,radio,,,,
,,Radio,radio,,,,
,,Radio,radio,,,,
,,Radio,radio,,,,
,,Radio,radio,,,,
,,Radio,radio,,,,
,,Radio,radio,,,,
,,Radio,radio,,,,
,,Radio,radio,,,,
,,A la radio,radio,,,,
,,Chef de village,face_a_face,,,,
,,Leader communautaire,face_a_face,,,,
,,Autorit√© local,face_a_face,,,,
,,Au chef,face_a_face,,,,
,,A travers le chef,face_a_face,,,,
,,A la radio,radio,,,,
,,A la radio,radio,,,,
,,A la radio,radio,,,,
,,A la radio,radio,,,,
,,Radio,radio,,,,
,,Radio,radio,,,,
,,Taxi moto,face_a_face,,,,
,,Aupr√®s des leaders communautaires et des humanitair,face_a_face,,,,
,,Leader communautaire,face_a_face,,,,
,,Aupr√®s des leader,face_a_face,,,,
,,Radio,radio,,,,
,,Radio,radio,,,,
,,Radio,radio,,,,
,,Aupr√®s des autorit√©s local,face_a_face,,,,
,,Chef de quartier,chef_communaut√,,,,
,,Pas de r√©sea,autre,,,,
,,Radio,radio,,,,
,,Radio,radio,,,,
,,Radio,radio,,,,
,,Radio,radio,,,,
,,Radio,radio,,,,
,,A la radio,radio,,,,
,,A la radio,radio,,,,
,,A la radio,radio,,,,
,,A la radio,radio,,,,
,,A la radio,radio,,,,
,,A la radio,radio,,,,
,,A la radio,radio,,,,
,,A la radio,radio,,,,
,,A la radio,radio,,,,
,,Aupr√®s des autorit√©s local,face_a_face,,,,
,,Radio,radio,,,,
,,Autorit√© administrativ,face_a_face,,,,
,,Radio,radio,,,,
,,Radio,radio,,,,
,,Radio,radio,,,,
,,Radio,radio,,,,
,,La radio,radio,,,,
,,Radio,radio,,,,
,,Part des autorit√©,face_a_face,,,,
,,La radio,radio,,,,
,,Radio,radio,,,,
,,De la part des autorit√©s,face_a_face,,,,
,,Avec le sifflet,autre,,,,
,,A l' eglise,autre,,,,
,,Poste radio,radio,,,,
,,Probl√®me de radi,radio,,,,
,,Chez  le chef,face_a_face,,,,
,,Le coup de sifflet pour allerter la population le grand matin,autre,,,,
,,Par le chef,face_a_face,,,,
,,Pas de moyen de communication dans la zone due au manque du chef du village.,autre,,,,
,,Les chefs du village dans la zone,face_a_face,,,,
,,"Par la radio, mais pour le moment je n'ai pas le moyen pour acheter un",radio,,,,
,,La voix des ondes,radio,,,,
,,La radio,radio,,,,
,,Reunion,face_a_face,,,,
,,Radio,radio,,,,
,,¿ la place du village,autre,,,,
,,Par la radio,radio,,,,
,,Par le canal des autorit√©,face_a_face,,,,
,,Radio,radio,,,,
,,La radio,radio,,,,
,,Radio,radio,,,,
,,Poste radio,radio,,,,
,,Poste radio,radio,,,,
,,Radio,radio,,,,
,,Radio,radio,,,,
,,R√©unio,face_a_face,,,,
,,Chef du village,face_a_face,,,,
,,"Autorit√© locales, radi",face_a_face,,,,
,,Autorit√© locale,face_a_face,,,,
,,Autorit√© locale,face_a_face,,,,
,,"Radio, autorit√©s locale",autre,,,,
,,Autorit√© locale,face_a_face,,,,
,,Radio,radio,,,,
,,Autorit√© locale,face_a_face,,,,
,,Autorit√© locale,face_a_face,,,,
,,Son du sifflet dans le quartier avertir la population,autre,,,,
,,Cri√© avec du sifflet le grand mati,autre,,,,
,,La population est allertee  par les sons du sifflet,autre,,,,
,,¿ travers la rÈunion chez le chef,face_a_face,,,,
,,L' adjoint du chef cri dans le quartier avec un sifflet pour all√©ger la populatio,autre,,,,
,,Chez le chef,face_a_face,,,,
,,Lors des r√©union,face_a_face,,,,
,,Par le chef,face_a_face,,,,
,,Sur une poste radio.,radio,,,,
,,Radio,radio,,,,
,,Par le chef du village,face_a_face,,,,
,,Probl√®mes de sant√,autre,,,,
,,Probl√®mes de l'informatio,autre,,,,
,,Manque de l'information,autre,,,,
,,Probl√®me de comminicatio,autre,,,,
,,"Amis, parents, autorit√© local",face_a_face,,,,
,,"Radio Guirra FM , Radio locale de Berberati,Ndeke Luka",radio,,,,
,,"Amis, autorit√© locale",face_a_face,,,,
,,"Autorit√©s locales",face_a_face,,,,
,,"Autorit√© locale, parents, ami",face_a_face,,,,
,,"Parents, amis",face_a_face,,,,
,,"Autorit√© locales, radio : Locale, Guirra F",autre,,,,
,,"Personnel humanitaire, parents, amis, autorit√©s locale",face_a_face,,,,
,,Radio,radio,,,,
,,"Amis, parents,chef du village",face_a_face,,,,
,,"Autorit√©s locales, personnel s humanitair",face_a_face,,,,
,,Le responsable de la jeunesse va de porte en porte allertee la population,face_a_face,,,,
,,Crier avec un sifflet,autre,,,,
,,Signaler la population avec les coups de sifflet,face_a_face,,,,
,,Par le canal du chef,face_a_face,,,,
,,Par le pasteur de mon √©glis,face_a_face,,,,
,,Gr√¢ce au chef que nous sommes renseign√,face_a_face,,,,
,,Gr√¢ce au sifflet du chef du villag,autre,,,,
,,La radio,radio,,,,
,,Radio,radio,,,,
,,Radio,radio,,,,
,,Par radio,radio,,,,
,,Radio,radio,,,,
,,Radio,radio,,,,
,,Radio,radio,,,,
,,Radio,radio,,,,
,,Chez le chef,face_a_face,,,,
,,Radio,radio,,,,
,,Radio ou m√©gaphon,radio,,,,
,,Sur une poste radio,radio,,,,
,,Surtout dans une poste radio,radio,,,,
,,Radio,radio,,,,
,,Radio,radio,,,,
,,Radio,radio,,,,
,,Radio,radio,,,,
,,Radio,radio,,,,
,,Radio,radio,,,,
,,Radio,radio,,,,
,,Par le chef du village,face_a_face,,,,
,,Probl√®me de r√©se,autre,,,,
,,Probl√®me de t√©l√©ph,autre,,,,
,,Par le chef du village,face_a_face,,,,
,,Par le chef du village,face_a_face,,,,
,,Par le chef du village,face_a_face,,,,
,,Par le chef du village,face_a_face,,,,
,,Par le chef du village,face_a_face,,,,
,,Par le chef du village,face_a_face,,,,
,,Par le chef du village,face_a_face,,,,
,,Par le chef du village,face_a_face,,,,
,,Chef du quartier,face_a_face,,,,
,,Radio,radio,,,,
,,Autorit√©s locale,face_a_face,,,,
,,Radio,radio,,,,
,,"Parents, amis, autorit√©s locales, t√©l√©ph",face_a_face,,,,
,,T√©l√©pho,autre,,,,
,,T√©l√©pho,autre,,,,
,,Par la sensibilisation,face_a_face,,,,
,,Par la sensibilisation,face_a_face,,,,
,,T√©l√©pho,autre,,,,
,,Par les m√©gaphon,hauts_parleurs,,,,
,,Par les envoyer du chef,face_a_face,,,,
,,Par m√©gaphon,hauts_parleurs,,,,
,,Par sensibilisation et m√©gaphon,autre,,,,
,,Par le chef,face_a_face,,,,
,,M√©gaphon,hauts_parleurs,,,,
,,Le chef de la communaut√,face_a_face,,,,
,,Par le chef,face_a_face,,,,
,,Par les envoyer du chef,face_a_face,,,,
,,¿ la place du village,autre,,,,
,,Par les envoyer du chef,face_a_face,,,,
,,Sur une poste radio.,radio,,,,
,,Le chef du village qui nous informe,face_a_face,,,,
,,De la par du chef de village,face_a_face,,,,
,,Par le chef du village,face_a_face,,,,
,,T√©l√©pho,autre,,,,
,,T√©l√©pho,autre,,,,
,,Radio,radio,,,,
,,La radio,radio,,,,
,,Nous voulons √©cout√© les informations par la radi,radio,,,,
,,Radio nationale,radio,,,,
,,Radio nationale,radio,,,,
,,Radio nationale,radio,,,,
,,Radio nationale,radio,,,,
,,Radio nationale,radio,,,,
,,Radio communautaire,radio,,,,
,,Radio nationale,radio,,,,
,,Radio nationale,radio,,,,
,,Radio nationale,radio,,,,
,,Radio nationale,radio,,,,
,,Radio,radio,,,,
,,R√©seau t√©l√©phoni,autre,,,,
,,Radio,radio,,,,
,,Radio,radio,,,,
,,Radio,radio,,,,
,,Radio,radio,,,,
,,Radio diffusion,radio,,,,
,,Radio diffusion,radio,,,,
,,Radio,radio,,,,
,,Radio diffusion,radio,,,,
,,Par la sensibilisation,face_a_face,,,,
,,Les rumeurs,autre,,,,
,,Crieur,autre,,,,
,,Crieur,autre,,,,
,,Crieur,autre,,,,
,,R√©unio,face_a_face,,,,
,,Crieur,autre,,,,
,,Radio,radio,,,,
,,Radio,radio,,,,
,,Radio,radio,,,,
,,Rumeurs,radio,,,,
,,Lettre,autre,,,,
,,R√©unio,face_a_face,,,,
,,R√©unio,face_a_face,,,,
,,R√©unio,face_a_face,,,,
,,R√©unio,face_a_face,,,,
,,R√©unio,face_a_face,,,,
,,Radio,radio,,,,
,,R√©unio,face_a_face,,,,
,,Par le chef de groupe,face_a_face,,,,
,,Par le chef de village,face_a_face,,,,
,,Par le chef de village,face_a_face,,,,
,,Par le chef de village,face_a_face,,,,
,,Par le chef de village,face_a_face,,,,
,,Sifflet,autre,,,,
,,Par le chef de village,face_a_face,,,,
,,Par de sifflet,autre,,,,
,,Par le chef de village,face_a_face,,,,
,,Par le chef de village,face_a_face,,,,
,,Par le chef de village,face_a_face,,,,
,,Par le chef de village,face_a_face,,,,
,,Radio,radio,,,,
,,Radio,radio,,,,
,,Fadio,radio,,,,
,,Radio,radio,,,,
,,Radio,radio,,,,
,,Radio,radio,,,,
,,Radio,radio,,,,
,,Par Radio,radio,,,,
,,Radio,radio,,,,
,,Radio,radio,,,,
,,Radio,radio,,,,
,,Radio,radio,,,,
,,Radio,radio,,,,
,,Radio,radio,,,,
,,Radio,radio,,,,
,,Radio,radio,,,,
,,Radio,radio,,,,
,,Radio,radio,,,,
,,Radio,radio,,,,
,,Radio,radio,,,,
,,Radio,radio,,,,
,,Radio,radio,,,,
,,Radio,radio,,,,
,,Radio nationale,radio,,,,
,,Radio nationale,radio,,,,
,,Radio nationale,radio,,,,
,,Radio nationale,radio,,,,
,,Radio nationale,radio,,,,
,,Radio,radio,,,,
,,Entaine modern,face_a_face,,,,
,,Radio,radio,,,,
,,Non,autre,,,,
,,Radio locale,radio,,,,
,,Radio locale,radio,,,,
,,Radio locale,radio,,,,
,,Radio locale,radio,,,,
,,Radio locale,radio,,,,
,,Radio locale,radio,,,,
,,Radio locale,radio,,,,
,,Sur la radio mais malheureusement nous n'avons pas la radio.,radio,,,,
,,Radio locale,radio,,,,
,,Radio locale,radio,,,,
,,Radio locale,radio,,,,
,,Radio locale,radio,,,,
,,Leaders communautaires,face_a_face,,,,
,,Radio,radio,,,,
,,Crier a voi simple,autre,,,,
,,Nous devons nous informer √† travers la radio mais malheureusement nous n'en  pas,radio,,,,
,,A la radio,radio,,,,
,,Radio locale,radio,,,,
,,Radio,radio,,,,
,,Radio nationale,radio,,,,
,,Radio nationale,radio,,,,
,,Radio nationale,radio,,,,
,,Radio nationale,radio,,,,
,,Radio locale,radio,,,,
,,Radio nationale,radio,,,,
,,Radio nationale,radio,,,,
,,Radio nationale,radio,,,,
,,Radio nationale,radio,,,,
,,Radio nationale piusquy ici nous n avons pas de t√©l√©phone comme les autres donc ont pr√©fere la radio nationale mais h√©las elle n'est pas √©couter sur le territoire nat,radio,,,,
,,Leaders communautaires,face_a_face,,,,
,,Bouche √† bouch,face_a_face,,,,
,,Bouche √† oreill,face_a_face,,,,
,,Bouche √† oreill,face_a_face,,,,
,,Je pr√©f√®re m'informer par la radi,radio,,,,
,,La radio,radio,,,,
,,Radio nationale,radio,,,,
,,Radio nationale,radio,,,,
,,Radio nationale,radio,,,,
,,Radio nationale,radio,,,,
,,Radio nationale,radio,,,,
,,Radio nationale,radio,,,,
,,Radio nationale,radio,,,,
,,Radio nationale,radio,,,,
,,Radio nationale,radio,,,,
,,Radio locale,radio,,,,
,,Radio nationale,radio,,,,
,,Radio locale,radio,,,,
,,Radio locale,radio,,,,
,,Radio,radio,,,,
,,Radio,radio,,,,
,,Radio nationale,radio,,,,
,,Radio nationale,radio,,,,
,,Radio nationale,radio,,,,
,,On pr√©f√®re la radio nationale pour avoir des informations sur les nouvelles du pa,radio,,,,
,,Radio nationale,radio,,,,
,,Radio nationale,radio,,,,
,,Radio nationale,radio,,,,
,,Radio nationale,radio,,,,
,,Radio nationale,radio,,,,
,,Radio nationale,radio,,,,
,,Radio nationale,radio,,,,
,,Radio,radio,,,,
,,Radio,radio,,,,
,,Radio,radio,,,,
,,Chef du village,face_a_face,,,,
,,Gendarmerie,face_a_face,,,,
,,Je vais trouv√© tous ceux dont tu as cit√© o√,autre,,,,
,,Toujours par le canal du chef de village.,face_a_face,,,,
,,Comme nous avons dit c'est dans  la radio,radio,,,,
,,Chef de Quartier,face_a_face,,,,
,,Radio,radio,,,,
,,Radio locale,radio,,,,
,,Radio locale,radio,,,,
,,Radio locale,radio,,,,
,,Radio locale,radio,,,,
,,Radio,radio,,,,
,,Par la radio,radio,,,,
,,Nous voulons bien √©couter par la radio,radio,,,,
,,Par la radio.,radio,,,,
,,Par la radio,radio,,,,
,,Radio nationale,radio,,,,
,,Radio locale,radio,,,,
,,Radio locale,radio,,,,
,,Radio locale,radio,,,,
,,Radio nationale,radio,,,,
,,Radio nationale,radio,,,,
,,Par la radio mais h√©las la radio nationale ne fonctionne pas sur toute √©tendu du territoi,radio,,,,
,,Radio communautaire,radio,,,,
,,Radio communautaire,radio,,,,
,,Radio communautaire,radio,,,,
,,Radio communautaire,radio,,,,
,,Radio,radio,,,,
,,Radio,radio,,,,
,,Par lettre,autre,,,,
,,Par radio,radio,,,,
,,Radio FM,radio,,,,
,,Par lettre,autre,,,,
,,Par lettre,autre,,,,
,,Par lettre,autre,,,,
,,Par lettre ,autre,,,,
,,Par lettre,autre,,,,
,,Radio FM,radio,,,,
,,Radio,radio,,,,
,,Radio,radio,,,,
,,Radio et les passants,autre,,,,
,,Radio et les passants,autre,,,,
,,Radio et les passants,autre,,,,
,,Radio et les passants,autre,,,,
,,Radio,radio,,,,
,,Radio et t√©l√©phone et les passan,autre,,,,
,,Les passants,face_a_face,,,,
,,Les parents et les passants,face_a_face,,,,
,,Les passants,face_a_face,,,,
,,Les passants,face_a_face,,,,
,,Les parents et les passants,face_a_face,,,,
,,Radio et les passants,autre,,,,
,,Par la radio,radio,,,,
,,Par la radio,radio,,,,
,,Le chef du quartier,face_a_face,,,,
,,Les autorit√©,face_a_face,,,,
,,Les autorit√©,face_a_face,,,,
,,Les autorit√©s locale,face_a_face,,,,
,,Le chef du quartier,face_a_face,,,,
,,Le chef du quartier,face_a_face,,,,
,,Les autorit√©,face_a_face,,,,
,,Le chef du quartier,face_a_face,,,,
,,Les autorit√©,face_a_face,,,,
,,Les autorit√©,face_a_face,,,,
,,Le chef du quartier,face_a_face,,,,
,,Les autorit√©s locale,face_a_face,,,,
