"","VillageAll","GPS.point","admin1Name","admin1Pcod","admin2","admin2Pcod","admin3Name","admin3Pcod","TotalPop_fixe","VillageAll_test","VillageAll_test_2","VillageAll_test_3","VillageAll_admin2"
"1"," Abbo Boyafe","15.464091,5.207386","Nana-Mambéré","CF22","Abba","CF224","Nadziboro","CF2242","411.824223","AbboBoyafe","abboboyafe","abboboyafe","abboboyafe Abba"
"2"," Adoum","20.5684359999999,5.834778","Ouaka","CF43","Bambari","CF431","Pladama-Ouaka","CF4314","858.37856","Adoum","adoum","adoum","adoum Bambari"
"3"," Amada-Gaza","15.1956019999999,4.772098","Mambéré-Kadéi","CF21","Amada-Gaza","CF214","Haute-Boumbé","CF2141","2928.447822","Amada-Gaza","amada-gaza","amada-gaza","amada-gaza Amada-Gaza"
"4"," Amani","21.9801919999999,4.652996","Mbomou","CF62","Gambo","CF623","Gambo","CF6231","613.180597","Amani","amani","amani","amani Gambo"
"5"," Ambang","15.337197,3.77884","Mambéré-Kadéi","CF21","Dede-Mokouba","CF216","Haute-Kadéi","CF2161","1812.962263","Ambang","ambang","ambang","ambang Dede-Mokouba"
"6"," Ambauchure","18.582974,3.678799","Lobaye","CF12","Mongoumba","CF122","Mongoumba","CF1221","422.372429","Ambauchure","ambauchure","ambauchure","ambauchure Mongoumba"
"7"," Anafio","17.3256799999999,6.896445","Ouham","CF32","Nana-Bakassa","CF322","Nana-Bakassa","CF3221","3331.246787","Anafio","anafio","anafio","anafio Nana-Bakassa"
"8"," Aradi","15.327247,4.540679","Mambéré-Kadéi","CF21","Berberati","CF211","Ouakanga","CF2113","2195.027237","Aradi","aradi","aradi","aradi Berberati"
"9"," Army","22.611547,10.3675029999999","Vakaga","CF53","Birao","CF531","Ridina","CF5311","317.733655","Army","army","army","army Birao"
"10"," Assoulemaka","19.661434,6.031003","Kémo","CF41","Mala","CF413","Mala","CF4131","988.842996","Assoulemaka","assoulemaka","assoulemaka","assoulemaka Mala"
"11"," Babanon","18.332798,5.825515","Ouham","CF32","Bouca","CF325","Fafa Boungou","CF3254","993.745497","Babanon","babanon","babanon","babanon Bouca"
"13"," Babili","17.230072,4.601566","Lobaye","CF12","Boganda","CF125","Boganda","CF1251","415.086586","Babili","babili","babili","babili Boganda"
"14"," Babongo","16.262001,3.002364","Sangha-Mbaéré","CF23","Bayanga","CF233","Yobé-Sangha","CF2331","446.276962","Babongo","babongo","babongo","babongo Bayanga"
"15"," Bac Lim","15.526628,7.286493","Ouham Pendé","CF31","Ngaoundaye","CF315","Kodi","CF3153","2565.701802","BacLim","baclim","baclim","baclim Ngaoundaye"
"16"," Bac-Lobe","18.425048,3.687927","Lobaye","CF12","Mongoumba","CF122","Mongoumba","CF1221","944.126607","Bac-Lobe","bac-lobe","bac-lobe","bac-lobe Mongoumba"
"17"," Badakou","22.8082959999999,4.782067","Mbomou","CF62","Bangassou","CF621","Sayo Niakari","CF6212","395.958842","Badakou","badakou","badakou","badakou Bangassou"
"18"," Badangafou","16.6892649999999,5.58135","Ombella M'Poko","CF11","Yaloke","CF116","Guézéli","CF1162","1137.992142","Badangafou","badangafou","badangafou","badangafou Yaloke"
"19"," Bagandou","17.8486219999999,3.745663","Lobaye","CF12","Mbaiki","CF121","Moboma","CF1217","4196.021962","Bagandou","bagandou","bagandou","bagandou Mbaiki"
"20","LEMANA 3","20.690172,8.459111","Bamingui-Bangoran","CF51","Ndele","CF511","Dar El Kouti","CF5111","473.908647","LEMANA3","lemana3","lemana3","lemana3 Ndele"
"21"," Bagoua","17.3616899999999,4.071813","Lobaye","CF12","Boda","CF123","Lobaye","CF1232","935.349757","Bagoua","bagoua","bagoua","bagoua Boda"
"22"," Bagoudou","15.2452109999999,3.935581","Mambéré-Kadéi","CF21","Dede-Mokouba","CF216","Haute-Kadéi","CF2161","3874.957804","Bagoudou","bagoudou","bagoudou","bagoudou Dede-Mokouba"
"23"," Bakaba","17.219096,7.312322","Ouham","CF32","Markounda","CF323","Nana Markounda","CF3231","274.105013","Bakaba","bakaba","bakaba","bakaba Markounda"
"24"," Bakala","20.3882319999999,6.193155","Ouaka","CF43","Bakala","CF432","Koudou-Bégo","CF4321","2759.683385","Bakala","bakala","bakala","bakala Bakala"
"25"," Bakoa","19.7668199999999,5.754252","Ouaka","CF43","Grimari","CF433","Kobadja","CF4332","1591.199822","Bakoa","bakoa","bakoa","bakoa Grimari"
"26"," Bakobo","15.678811,3.402976","Sangha-Mbaéré","CF23","Nola","CF231","Bilolo","CF2312","678.862424","Bakobo","bakobo","bakobo","bakobo Nola"
"27"," Bakongo","19.152204,5.739337","Kémo","CF41","Sibut","CF411","Ngoumbele","CF4112","3472.820522","Bakongo","bakongo","bakongo","bakongo Sibut"
"28"," Bakouma","22.781732,5.701929","Mbomou","CF62","Bakouma","CF625","Bakouma","CF6251","5903.271829","Bakouma","bakouma","bakouma","bakouma Bakouma"
"29"," Bakpara","18.761576,5.010543","Ombella M'Poko","CF11","Damara","CF112","Damara","CF1121","783.970673","Bakpara","bakpara","bakpara","bakpara Damara"
"30"," Balekete (Azene)","19.896408,6.937158","Nana-Gribizi","CF42","Mbres","CF422","Mbrés","CF4221","493.486825","Balekete(Azene)","balekete(azene)","balekete(azene)","balekete(azene) Mbres"
"31"," Balembe 2","16.363723,5.590587","Nana-Mambéré","CF22","Baoro","CF222","Bawi Tédoa","CF2221","606.01815","Balembe2","balembe2","balembe2","balembe2 Baoro"
"33"," Balidou 1","21.00214,4.670809","Basse-Kotto","CF61","Zangba","CF615","Ouambé","CF6151","313.09075","Balidou1","balidou1","balidou1","balidou1 Zangba"
"35"," Bambarassa","22.7614659999999,4.82055","Mbomou","CF62","Bangassou","CF621","Sayo Niakari","CF6212","879.702927","Bambarassa","bambarassa","bambarassa","bambarassa Bangassou"
"36"," Bamina","15.6587169999999,3.404509","Sangha-Mbaéré","CF23","Nola","CF231","Bilolo","CF2312","1400.827224","Bamina","bamina","bamina","bamina Nola"
"37"," Bananga","16.8265579999999,7.195985","Ouham","CF32","Nangha-Boguila","CF324","Nangha Boguila","CF3241","867.303785","Bananga","bananga","bananga","bananga Nangha-Boguila"
"38"," Banda","21.7507179999999,4.344466","Basse-Kotto","CF61","Satema","CF616","Kotto-Oubangui","CF6161","4549.799955","Banda","banda","banda","banda Satema"
"40"," Banda-Fara","21.29391,4.498012","Basse-Kotto","CF61","Mobaye","CF611","Mbéima","CF6112","1276.949721","Banda-Fara","banda-fara","banda-fara","banda-fara Mobaye"
"41"," Bando","21.071918,5.161923","Basse-Kotto","CF61","Alindao","CF612","Bangui-Ketté","CF6123","952.618862","Bando","bando","bando","bando Alindao"
"43"," Banga 1","19.464092,5.784245","Kémo","CF41","Sibut","CF411","Ngoumbele","CF4112","529.988674","Banga1","banga1","banga1","banga1 Sibut"
"44"," Bango 2","19.6511479999999,5.169203","Kémo","CF41","Ndjoukou","CF414","Galabadja","CF4142","1098.32316","Bango2","bango2","bango2","bango2 Ndjoukou"
"45"," Bangoto","16.748908,3.962393","Sangha-Mbaéré","CF23","Bambio","CF232","Mbaéré","CF2321","399.756448","Bangoto","bangoto","bangoto","bangoto Bambio"
"46"," Bangui 2e","18.560752,4.360586","Bangui","CF71","Bangui","CF711","Arrondissement 2","CF7112","172891.8713","Bangui2e","bangui2e","bangui2e","bangui2e Bangui"
"47"," Bangui 3e","18.540327,4.374509","Bangui","CF71","Bangui","CF711","Arrondissement 3","CF7113","214046.2964","Bangui3e","bangui3e","bangui3e","bangui3e Bangui"
"48"," Bangui 4e","18.5608059999999,4.406503","Bangui","CF71","Bangui","CF711","Arrondissement 4","CF7114","119108.4638","Bangui4e","bangui4e","bangui4e","bangui4e Bangui"
"49"," Bangui 5e","18.5467769999999,4.385571","Bangui","CF71","Bangui","CF711","Arrondissement 5","CF7115","47025.23337","Bangui5e","bangui5e","bangui5e","bangui5e Bangui"
"50"," Bangui 6e","18.538761,4.345934","Bangui","CF71","Bangui","CF711","Arrondissement 6","CF7116","100650.4114","Bangui6e","bangui6e","bangui6e","bangui6e Bangui"
"51"," Bangui 7e","18.622489,4.374214","Bangui","CF71","Bangui","CF711","Arrondissement 7","CF7117","45566.21555","Bangui7e","bangui7e","bangui7e","bangui7e Bangui"
"52"," Bangui 8e","18.536311,4.410511","Bangui","CF71","Bangui","CF711","Arrondissement 8","CF7118","102018.6169","Bangui8e","bangui8e","bangui8e","bangui8e Bangui"
"53"," Basse Kouma","19.431066,6.176633","Kémo","CF41","Mala","CF413","Mala","CF4131","2684.035065","BasseKouma","bassekouma","bassekouma","bassekouma Mala"
"54"," Basse-Kotto","22.6503699999999,4.700153","Mbomou","CF62","Ouango","CF622","Ouango","CF6221","1842.435771","Basse-Kotto","basse-kotto","basse-kotto","basse-kotto Ouango"
"55"," Batonde","17.0507139999999,4.278819","Lobaye","CF12","Boganda","CF125","Boganda","CF1251","2519.750966","Batonde","batonde","batonde","batonde Boganda"
"56"," Bawi","16.247553,5.606684","Nana-Mambéré","CF22","Baoro","CF222","Bawi Tédoa","CF2221","852.914433","Bawi","bawi","bawi","bawi Baoro"
"58"," Bayanga","16.274837,2.910364","Sangha-Mbaéré","CF23","Bayanga","CF233","Yobé-Sangha","CF2331","3143.342082","Bayanga","bayanga","bayanga","bayanga Bayanga"
"59"," Bayanga Didi","15.794893,5.306993","Nana-Mambéré","CF22","Baoro","CF222","Yoro-Samba Bougoulou","CF2222","1269.235197","BayangaDidi","bayangadidi","bayangadidi","bayangadidi Baoro"
"60"," Bayelaka","19.1149139999999,6.131304","Kémo","CF41","Dekoa","CF412","Guiffa","CF4123","2925.004524","Bayelaka","bayelaka","bayelaka","bayelaka Dekoa"
"62"," Bazoli","17.1045319999999,7.445924","Ouham","CF32","Markounda","CF323","Nana Markounda","CF3231","382.085776","Bazoli","bazoli","bazoli","bazoli Markounda"
"63"," BeÂ´na-Doemo","15.552149,4.04661","Mambéré-Kadéi","CF21","Sosso-Nakombo","CF215","Basse-Kadéi","CF2151","738.01602","BeÂ´na-Doemo","beâ´na-doemo","beâ´na-doemo","beâ´na-doemo Sosso-Nakombo"
"64"," Bedin","16.939864,7.20454","Ouham","CF32","Nangha-Boguila","CF324","Nangha Boguila","CF3241","768.400722","Bedin","bedin","bedin","bedin Nangha-Boguila"
"65"," Beferan","16.9858319999999,7.329259","Ouham","CF32","Markounda","CF323","Nana Markounda","CF3231","980.133078","Beferan","beferan","beferan","beferan Markounda"
"67"," Bego","15.345325,4.578795","Mambéré-Kadéi","CF21","Berberati","CF211","Ouakanga","CF2113","682.897363","Bego","bego","bego","bego Berberati"
"68"," Begou","19.118386,6.364303","Kémo","CF41","Dekoa","CF412","Tilo","CF4122","1412.885874","Begou","begou","begou","begou Dekoa"
"70"," Beiya-Gbakounde","15.594924,5.75908","Nana-Mambéré","CF22","Bouar","CF221","Zotoua-Bangarem","CF2214","360.534741","Beiya-Gbakounde","beiya-gbakounde","beiya-gbakounde","beiya-gbakounde Bouar"
"71"," Bekagomi","17.289724,4.764314","Lobaye","CF12","Boganangone","CF124","Boganangone","CF1241","1502.550955","Bekagomi","bekagomi","bekagomi","bekagomi Boganangone"
"72"," Beko","15.333455,3.872242","Mambéré-Kadéi","CF21","Dede-Mokouba","CF216","Haute-Kadéi","CF2161","896.5198","Beko","beko","beko","beko Dede-Mokouba"
"73"," Belanga","15.107942,5.795846","Nana-Mambéré","CF22","Baboua","CF223","Fo","CF2235","754.412636","Belanga","belanga","belanga","belanga Baboua"
"74"," Belemboke","16.216068,3.380194","Sangha-Mbaéré","CF23","Nola","CF231","Nola","CF2311","1204.905913","Belemboke","belemboke","belemboke","belemboke Nola"
"75"," Belemboke 4","16.222307,3.412311","Sangha-Mbaéré","CF23","Nola","CF231","Nola","CF2311","408.273904","Belemboke4","belemboke4","belemboke4","belemboke4 Nola"
"76"," Bende","17.413902,6.706772","Ouham","CF32","Nana-Bakassa","CF322","Nana-Bakassa","CF3221","1770.068425","Bende","bende","bende","bende Nana-Bakassa"
"77"," Bendoui","17.298238,6.958238","Ouham","CF32","Nana-Bakassa","CF322","Nana-Bakassa","CF3221","1253.340375","Bendoui","bendoui","bendoui","bendoui Nana-Bakassa"
"79"," Benguere","21.7441719999999,4.610301","Basse-Kotto","CF61","Kembe","CF613","Kembé","CF6131","1645.335441","Benguere","benguere","benguere","benguere Kembe"
"80"," Bengues","22.4349419999999,10.203859","Vakaga","CF53","Birao","CF531","Ridina","CF5311","464.167426","Bengues","bengues","bengues","bengues Birao"
"81"," Berberati","15.7875289999999,4.255473","Mambéré-Kadéi","CF21","Berberati","CF211","Basse-Batouri","CF2115","7711.565557","Berberati","berberati","berberati","berberati Berberati"
"82"," Beya","16.194292,3.334294","Sangha-Mbaéré","CF23","Nola","CF231","Salo","CF2313","2839.875449","Beya","beya","beya","beya Nola"
"84"," Bidjo","15.948212,3.457909","Sangha-Mbaéré","CF23","Nola","CF231","Bilolo","CF2312","592.657672","Bidjo","bidjo","bidjo","bidjo Nola"
"85"," Bidou 2","21.6826219999999,4.435024","Basse-Kotto","CF61","Kembe","CF613","Mboui","CF6132","1139.848773","Bidou2","bidou2","bidou2","bidou2 Kembe"
"86"," Bila","19.54689,6.100629","Kémo","CF41","Mala","CF413","Mala","CF4131","1671.068008","Bila","bila","bila","bila Mala"
"87"," Bindi","19.1441659999999,5.873855","Kémo","CF41","Sibut","CF411","Ngoumbele","CF4112","732.221194","Bindi","bindi","bindi","bindi Sibut"
"88"," Binoumbi","15.3585049999999,3.839451","Mambéré-Kadéi","CF21","Dede-Mokouba","CF216","Haute-Kadéi","CF2161","1006.094443","Binoumbi","binoumbi","binoumbi","binoumbi Dede-Mokouba"
"89"," Biranga","17.2445899999999,7.287041","Ouham","CF32","Markounda","CF323","Nana Markounda","CF3231","490.066539","Biranga","biranga","biranga","biranga Markounda"
"90"," Blakadja","19.616736,6.678872","Nana-Gribizi","CF42","Mbres","CF422","Mbrés","CF4221","1980.997111","Blakadja","blakadja","blakadja","blakadja Mbres"
"91"," Boakana","19.424674,5.751052","Kémo","CF41","Sibut","CF411","Ngoumbele","CF4112","1150.633306","Boakana","boakana","boakana","boakana Sibut"
"92"," Boakana 2","19.5806739999999,5.798592","Kémo","CF41","Sibut","CF411","Ngoumbele","CF4112","822.877152","Boakana2","boakana2","boakana2","boakana2 Sibut"
"93"," Boambali 1","19.5566859999999,5.795727","Kémo","CF41","Sibut","CF411","Ngoumbele","CF4112","1324.971685","Boambali1","boambali1","boambali1","boambali1 Sibut"
"94"," Boanga","19.088722,6.350925","Kémo","CF41","Dekoa","CF412","Dekoa","CF4121","1826.855542","Boanga","boanga","boanga","boanga Dekoa"
"98"," Boban","18.3322159999999,5.472672","Ombella M'Poko","CF11","Bogangolo","CF113","Bogangolo","CF1131","1297.533869","Boban","boban","boban","boban Bogangolo"
"99"," Bobayoko","14.903484,4.786821","Mambéré-Kadéi","CF21","Amada-Gaza","CF214","Haute-Boumbé","CF2141","1036.007484","Bobayoko","bobayoko","bobayoko","bobayoko Amada-Gaza"
"100"," Bobazi","18.343762,7.312588","Ouham","CF32","Batangafo","CF326","Ouassi","CF3264","437.594846","Bobazi","bobazi","bobazi","bobazi Batangafo"
"101"," Bobete","17.17913,7.394551","Ouham","CF32","Markounda","CF323","Nana Markounda","CF3231","423.616839","Bobete","bobete","bobete","bobete Markounda"
"102"," Bobingui","18.293994,5.73411","Ombella M'Poko","CF11","Bogangolo","CF113","Bogangolo","CF1131","616.698607","Bobingui","bobingui","bobingui","bobingui Bogangolo"
"103"," Bobo","22.450986,4.18976","Mbomou","CF62","Ouango","CF622","Ngbandinga","CF6222","2826.797727","Bobo","bobo","bobo","bobo Ouango"
"104"," Boboro","15.89532,7.062204","Ouham Pendé","CF31","Bocaranga","CF312","Loura","CF3122","3458.647748","Boboro","boboro","boboro","boboro Bocaranga"
"105"," Bocongo","16.4582729999999,6.215777","Ouham Pendé","CF31","Bossemtele","CF316","Binon","CF3161","567.971735","Bocongo","bocongo","bocongo","bocongo Bossemtele"
"106"," Boda","17.4669309999999,4.315275","Lobaye","CF12","Boda","CF123","Lobaye","CF1232","16022.94801","Boda","boda","boda","boda Boda"
"107"," Bodea","18.3143759999999,7.238261","Ouham","CF32","Batangafo","CF326","Ouassi","CF3264","769.397531","Bodea","bodea","bodea","bodea Batangafo"
"108"," Bodele","18.3442499999999,6.638958","Ouham","CF32","Bouca","CF325","Lady Gbawi","CF3252","744.160585","Bodele","bodele","bodele","bodele Bouca"
"109"," Bodjomo","17.136638,7.418152","Ouham","CF32","Markounda","CF323","Nana Markounda","CF3231","1162.869754","Bodjomo","bodjomo","bodjomo","bodjomo Markounda"
"110"," Bodjoula","17.28454,4.488239","Lobaye","CF12","Boganda","CF125","Boganda","CF1251","1268.644918","Bodjoula","bodjoula","bodjoula","bodjoula Boganda"
"111"," Bodoua","18.2619979999999,5.663509","Ombella M'Poko","CF11","Bogangolo","CF113","Bogangolo","CF1131","271.347387","Bodoua","bodoua","bodoua","bodoua Bogangolo"
"112"," Bodoukpa 2","17.814456,5.087302","Ombella M'Poko","CF11","Bossembele","CF115","Bossembélé","CF1151","685.983448","Bodoukpa2","bodoukpa2","bodoukpa2","bodoukpa2 Bossembele"
"113"," Bofforo","16.2476069999999,6.153826","Ouham Pendé","CF31","Bossemtele","CF316","Binon","CF3161","513.672258","Bofforo","bofforo","bofforo","bofforo Bossemtele"
"114"," Bogale","17.26283,7.256756","Ouham","CF32","Markounda","CF323","Nana Markounda","CF3231","290.717438","Bogale","bogale","bogale","bogale Markounda"
"115"," Bogali","17.388394,5.22588","Ombella M'Poko","CF11","Bossembele","CF115","Bossembélé","CF1151","963.464933","Bogali","bogali","bogali","bogali Bossembele"
"116"," Bogama 1","18.7292759999999,7.251661","Ouham","CF32","Kabo","CF327","Ouaki","CF3272","483.22403","Bogama1","bogama1","bogama1","bogama1 Kabo"
"117"," Boganado","17.29069,4.54085","Lobaye","CF12","Boganda","CF125","Boganda","CF1251","374.162557","Boganado","boganado","boganado","boganado Boganda"
"118"," Boganangone","17.199268,4.683594","Lobaye","CF12","Boganangone","CF124","Boganangone","CF1241","2599.007058","Boganangone","boganangone","boganangone","boganangone Boganangone"
"119"," Bogangolo","18.243808,5.572356","Ombella M'Poko","CF11","Bogangolo","CF113","Bogangolo","CF1131","2881.215892","Bogangolo","bogangolo","bogangolo","bogangolo Bogangolo"
"120"," Bogani","17.923676,4.979422","Ombella M'Poko","CF11","Boali","CF114","Boali","CF1141","1253.378556","Bogani","bogani","bogani","bogani Boali"
"121"," Boganli 1","18.3284139999999,5.412494","Ombella M'Poko","CF11","Bogangolo","CF113","Bogangolo","CF1131","355.218398","Boganli1","boganli1","boganli1","boganli1 Bogangolo"
"122"," Bogazi","18.0597579999999,4.814253","Ombella M'Poko","CF11","Boali","CF114","Boali","CF1141","603.900577","Bogazi","bogazi","bogazi","bogazi Boali"
"123"," Bogbaya 1","18.7925779999999,4.451282","Ombella M'Poko","CF11","Bimbo","CF111","Bimbo","CF1111","814.867288","Bogbaya1","bogbaya1","bogbaya1","bogbaya1 Bimbo"
"124"," Bogodo Kete","17.0716439999999,7.029308","Ouham","CF32","Nangha-Boguila","CF324","Nangha Boguila","CF3241","410.828109","BogodoKete","bogodokete","bogodokete","bogodokete Nangha-Boguila"
"125"," Bogoin 1","17.844666,5.059296","Ombella M'Poko","CF11","Bossembele","CF115","Bossembélé","CF1151","881.978719","Bogoin1","bogoin1","bogoin1","bogoin1 Bossembele"
"126"," Bogoin 2","18.38466,6.006177","Ouham","CF32","Bouca","CF325","Fafa Boungou","CF3254","408.38856","Bogoin2","bogoin2","bogoin2","bogoin2 Bouca"
"127"," Bogombo","18.388666,5.319057","Ombella M'Poko","CF11","Bogangolo","CF113","Bogangolo","CF1131","335.484042","Bogombo","bogombo","bogombo","bogombo Bogangolo"
"128"," Bogone 3","16.8595599999999,7.060319","Ouham","CF32","Nangha-Boguila","CF324","Nangha Boguila","CF3241","585.810451","Bogone3","bogone3","bogone3","bogone3 Nangha-Boguila"
"129"," Bogoto","17.183962,4.841219","Lobaye","CF12","Boganangone","CF124","Boganangone","CF1241","730.970735","Bogoto","bogoto","bogoto","bogoto Boganangone"
"130"," Bogoula","18.20419,4.665063","Ombella M'Poko","CF11","Boali","CF114","Boali","CF1141","3828.50177","Bogoula","bogoula","bogoula","bogoula Boali"
"131"," Boguela","17.076516,7.020593","Ouham","CF32","Nangha-Boguila","CF324","Nangha Boguila","CF3241","540.162884","Boguela","boguela","boguela","boguela Nangha-Boguila"
"132"," Boguera","17.150562,4.888288","Lobaye","CF12","Boganangone","CF124","Boganangone","CF1241","6565.20012","Boguera","boguera","boguera","boguera Boganangone"
"133"," Boguila-Kete","16.8048959999999,7.208004","Ouham","CF32","Nangha-Boguila","CF324","Nangha Boguila","CF3241","365.180541","Boguila-Kete","boguila-kete","boguila-kete","boguila-kete Nangha-Boguila"
"134"," Boguilo","18.4002419999999,6.048974","Ouham","CF32","Bouca","CF325","Fafa Boungou","CF3254","1368.101677","Boguilo","boguilo","boguilo","boguilo Bouca"
"135"," Bohere","18.5728979999999,4.560243","Ombella M'Poko","CF11","Bimbo","CF111","Bimbo","CF1111","829.670332","Bohere","bohere","bohere","bohere Bimbo"
"136"," Boho","17.134962,5.180325","Ombella M'Poko","CF11","Yaloke","CF116","Yaloké","CF1161","580.000441","Boho","boho","boho","boho Yaloke"
"137"," Bokane","18.192802,4.697102","Ombella M'Poko","CF11","Boali","CF114","Boali","CF1141","1293.258783","Bokane","bokane","bokane","bokane Boali"
"138"," Bokede 1","17.1805659999999,5.27668","Ombella M'Poko","CF11","Yaloke","CF116","Yaloké","CF1161","794.81542","Bokede1","bokede1","bokede1","bokede1 Yaloke"
"140"," Boko","15.429733,7.297761","Ouham Pendé","CF31","Ngaoundaye","CF315","Kodi","CF3153","1482.576191","Boko","boko","boko","boko Ngaoundaye"
"142"," Bokoma","17.8719059999999,3.725109","Lobaye","CF12","Mbaiki","CF121","Moboma","CF1217","670.985494","Bokoma","bokoma","bokoma","bokoma Mbaiki"
"143"," Bokossin","19.17639,5.73503","Kémo","CF41","Sibut","CF411","Ngoumbele","CF4112","2343.107822","Bokossin","bokossin","bokossin","bokossin Sibut"
"144"," Bokote-Alato","16.83191,7.18951","Ouham","CF32","Nangha-Boguila","CF324","Nangha Boguila","CF3241","730.361082","Bokote-Alato","bokote-alato","bokote-alato","bokote-alato Nangha-Boguila"
"145"," Bokoute","19.4977839999999,6.128788","Kémo","CF41","Mala","CF413","Mala","CF4131","4622.266096","Bokoute","bokoute","bokoute","bokoute Mala"
"146"," Bokoute 2","19.181888,5.721603","Kémo","CF41","Sibut","CF411","Ngoumbele","CF4112","550.90928","Bokoute2","bokoute2","bokoute2","bokoute2 Sibut"
"147"," Bokpata 1","17.420966,6.655204","Ouham","CF32","Nana-Bakassa","CF322","Nana-Bakassa","CF3221","2451.709682","Bokpata1","bokpata1","bokpata1","bokpata1 Nana-Bakassa"
"148"," Bolitoua","18.661082,5.031428","Ombella M'Poko","CF11","Damara","CF112","Damara","CF1121","300.648947","Bolitoua","bolitoua","bolitoua","bolitoua Damara"
"150"," Bologui","17.197982,4.821838","Lobaye","CF12","Boganangone","CF124","Boganangone","CF1241","1130.29734","Bologui","bologui","bologui","bologui Boganangone"
"151"," Bomandjoukou","16.0729849999999,2.631092","Sangha-Mbaéré","CF23","Bayanga","CF233","Yobé-Sangha","CF2331","620.907078","Bomandjoukou","bomandjoukou","bomandjoukou","bomandjoukou Bayanga"
"152"," Bomango","15.40235,6.632171","Ouham Pendé","CF31","Koui","CF313","Koui","CF3131","1429.316979","Bomango","bomango","bomango","bomango Koui"
"153"," Bombala 2","20.185168,5.221091","Ouaka","CF43","Kouango","CF434","Azéngué-Mindou","CF4342","3007.572531","Bombala2","bombala2","bombala2","bombala2 Kouango"
"154"," Bombale","17.58369,4.208821","Lobaye","CF12","Boda","CF123","Lobaye","CF1232","1293.222707","Bombale","bombale","bombale","bombale Boda"
"155"," Bombara-Kota","16.9460179999999,7.01743","Ouham","CF32","Nangha-Boguila","CF324","Nangha Boguila","CF3241","441.25982","Bombara-Kota","bombara-kota","bombara-kota","bombara-kota Nangha-Boguila"
"156"," Bombo 1","14.864348,4.780296","Mambéré-Kadéi","CF21","Amada-Gaza","CF214","Haute-Boumbé","CF2141","1733.585857","Bombo1","bombo1","bombo1","bombo1 Amada-Gaza"
"157"," Bomboimo","17.438724,6.601663","Ouham","CF32","Nana-Bakassa","CF322","Nana-Bakassa","CF3221","1132.404023","Bomboimo","bomboimo","bomboimo","bomboimo Nana-Bakassa"
"158"," Bomoloto","18.53959,3.684226","Lobaye","CF12","Mongoumba","CF122","Mongoumba","CF1221","2608.770887","Bomoloto","bomoloto","bomoloto","bomoloto Mongoumba"
"160"," Bondele","23.01733,4.828447","Mbomou","CF62","Bangassou","CF621","Zangandou","CF6214","324.576345","Bondele","bondele","bondele","bondele Bangassou"
"161"," Bondiba","14.794725,5.535135","Nana-Mambéré","CF22","Baboua","CF223","Baboua","CF2231","551.583731","Bondiba","bondiba","bondiba","bondiba Baboua"
"162"," Bongbalo 1","17.2817,5.29009","Ombella M'Poko","CF11","Yaloke","CF116","Yaloké","CF1161","1192.22313","Bongbalo1","bongbalo1","bongbalo1","bongbalo1 Yaloke"
"163"," Bongo","19.104326,6.234241","Kémo","CF41","Dekoa","CF412","Guiffa","CF4123","1086.430252","Bongo","bongo","bongo","bongo Dekoa"
"164"," Bongo 2","19.1023159999999,6.24014","Kémo","CF41","Dekoa","CF412","Guiffa","CF4123","527.143672","Bongo2","bongo2","bongo2","bongo2 Dekoa"
"165"," Bonoi 2","16.944158,7.036568","Ouham","CF32","Nangha-Boguila","CF324","Nangha Boguila","CF3241","334.748829","Bonoi2","bonoi2","bonoi2","bonoi2 Nangha-Boguila"
"166"," Boroto","20.1622939999999,5.309202","Ouaka","CF43","Kouango","CF434","Azéngué-Mindou","CF4342","1336.698902","Boroto","boroto","boroto","boroto Kouango"
"167"," Bossangoa","17.454107,6.493366","Ouham","CF32","Bossangoa","CF321","Bossangoa","CF3211","33040.03029","Bossangoa","bossangoa","bossangoa","bossangoa Bossangoa"
"168"," Bossarangba","18.536884,3.697444","Lobaye","CF12","Mongoumba","CF122","Mongoumba","CF1221","732.940392","Bossarangba","bossarangba","bossarangba","bossarangba Mongoumba"
"169"," Bossele","18.8630059999999,5.17461","Ombella M'Poko","CF11","Damara","CF112","Damara","CF1121","978.0605","Bossele","bossele","bossele","bossele Damara"
"172"," Bossembele","17.646635,5.2662","Ombella M'Poko","CF11","Bossembele","CF115","Bossembélé","CF1151","9355.00504","Bossembele","bossembele","bossembele","bossembele Bossembele"
"173"," Bossemboubou","16.9000699999999,5.412584","Ombella M'Poko","CF11","Yaloke","CF116","Guézéli","CF1162","616.621293","Bossemboubou","bossemboubou","bossemboubou","bossemboubou Yaloke"
"175","GOUGBERE-BAZIMA","26.4830919999999,5.418046","Haut-Mbomou","CF63","Obo","CF631","Obo","CF6311","536.793","GOUGBERE-BAZIMA","gougbere-bazima","gougbere-bazima","gougbere-bazima Obo"
"176"," Bouabourou","15.9592829999999,7.382522","Ouham Pendé","CF31","Ngaoundaye","CF315","Yémé","CF3154","1687.719297","Bouabourou","bouabourou","bouabourou","bouabourou Ngaoundaye"
"177"," Boubanda","21.086234,4.434503","Basse-Kotto","CF61","Mobaye","CF611","Mbéima","CF6112","1114.117206","Boubanda","boubanda","boubanda","boubanda Mobaye"
"179"," Bougoua 1","19.822638,5.749798","Ouaka","CF43","Grimari","CF433","Kobadja","CF4332","574.885097","Bougoua1","bougoua1","bougoua1","bougoua1 Grimari"
"180"," Boukoyo","17.2017139999999,7.515449","Ouham","CF32","Markounda","CF323","Nana Markounda","CF3231","1079.807629","Boukoyo","boukoyo","boukoyo","boukoyo Markounda"
"181"," Boulo","17.1955759999999,7.378484","Ouham","CF32","Markounda","CF323","Nana Markounda","CF3231","548.210027","Boulo","boulo","boulo","boulo Markounda"
"182"," Bouma 1","20.8279099999999,5.470665","Ouaka","CF43","Bambari","CF431","Ngougbia","CF4313","616.151077","Bouma1","bouma1","bouma1","bouma1 Bambari"
"184"," Bounguele","16.759423,3.934452","Sangha-Mbaéré","CF23","Bambio","CF232","Mbaéré","CF2321","293.571142","Bounguele","bounguele","bounguele","bounguele Bambio"
"185","Bandakpa","25.157708,5.03676","Haut-Mbomou","CF63","Zemio","CF633","Zémio","CF6331","1159.744498","Bandakpa","bandakpa","bandakpa","bandakpa Zemio"
"186"," Boyali 1","16.483485,6.174845","Ouham Pendé","CF31","Bossemtele","CF316","Binon","CF3161","575.647029","Boyali1","boyali1","boyali1","boyali1 Bossemtele"
"187","Bandassi","25.15613,5.049274","Haut-Mbomou","CF63","Zemio","CF633","Zémio","CF6331","1647.043767","Bandassi","bandassi","bandassi","bandassi Zemio"
"188"," Boyidou","21.2748719999999,4.668672","Basse-Kotto","CF61","Mobaye","CF611","Mbéima","CF6112","1242.669192","Boyidou","boyidou","boyidou","boyidou Mobaye"
"189"," Boymasse","22.7279279999999,4.914024","Mbomou","CF62","Bangassou","CF621","Sayo Niakari","CF6212","1182.100809","Boymasse","boymasse","boymasse","boymasse Bangassou"
"191"," Brousse","15.1867249999999,5.775097","Nana-Mambéré","CF22","Baboua","CF223","Fo","CF2235","280.047115","Brousse","brousse","brousse","brousse Baboua"
"192"," Camp Cotonaf","19.405764,5.124114","Kémo","CF41","Ndjoukou","CF414","Galabadja","CF4142","1422.187681","CampCotonaf","campcotonaf","campcotonaf","campcotonaf Ndjoukou"
"193"," Camp-Mawa","15.57978,5.880811","Nana-Mambéré","CF22","Bouar","CF221","Herman-Brousse","CF2213","776.86445","Camp-Mawa","camp-mawa","camp-mawa","camp-mawa Bouar"
"194"," Captara","15.095347,6.301676","Nana-Mambéré","CF22","Baboua","CF223","Goudrot","CF2232","860.687377","Captara","captara","captara","captara Baboua"
"195"," Cotonaf","19.106742,6.262475","Kémo","CF41","Dekoa","CF412","Guiffa","CF4123","720.001113","Cotonaf","cotonaf","cotonaf","cotonaf Dekoa"
"198"," Dao-Bac","18.1589519999999,6.632026","Ouham","CF32","Bouca","CF325","Ouham Fafa","CF3253","639.051","Dao-Bac","dao-bac","dao-bac","dao-bac Bouca"
"200"," Dede Makouba","15.241915,3.930408","Mambéré-Kadéi","CF21","Dede-Mokouba","CF216","Haute-Kadéi","CF2161","617.602529","DedeMakouba","dedemakouba","dedemakouba","dedemakouba Dede-Mokouba"
"201"," Deko Mbimbi","19.612406,5.15212","Kémo","CF41","Ndjoukou","CF414","Galabadja","CF4142","823.74237","DekoMbimbi","dekombimbi","dekombimbi","dekombimbi Ndjoukou"
"204","Tamboura","25.202438,5.160494","Haut-Mbomou","CF63","Zemio","CF633","Zémio","CF6331","1306.89049","Tamboura","tamboura","tamboura","tamboura Zemio"
"205"," Dingadigui","22.692712,4.785761","Mbomou","CF62","Bangassou","CF621","Sayo Niakari","CF6212","824.721494","Dingadigui","dingadigui","dingadigui","dingadigui Bangassou"
"206"," Djaindola 2","19.1384119999999,5.978469","Kémo","CF41","Sibut","CF411","Ngoumbele","CF4112","767.08887","Djaindola2","djaindola2","djaindola2","djaindola2 Sibut"
"207"," Djembe","15.846601,4.90937","Mambéré-Kadéi","CF21","Carnot","CF213","Carnot","CF2131","1638.203793","Djembe","djembe","djembe","djembe Carnot"
"208"," Djouda 1","19.236778,5.079775","Kémo","CF41","Ndjoukou","CF414","Galafondo","CF4141","1097.084837","Djouda1","djouda1","djouda1","djouda1 Ndjoukou"
"209"," Domale","16.1658329999999,3.683034","Sangha-Mbaéré","CF23","Nola","CF231","Nola","CF2311","756.800408","Domale","domale","domale","domale Nola"
"210"," Dongbe 1","18.5798859999999,5.09926","Ombella M'Poko","CF11","Damara","CF112","Damara","CF1121","338.705776","Dongbe1","dongbe1","dongbe1","dongbe1 Damara"
"211"," Dongo","15.300319,4.229319","Mambéré-Kadéi","CF21","Gamboula","CF212","Basse-Boumné","CF2121","666.801978","Dongo","dongo","dongo","dongo Gamboula"
"213"," Donlogo","15.6959219999999,4.228963","Mambéré-Kadéi","CF21","Berberati","CF211","Ouakanga","CF2113","1414.573108","Donlogo","donlogo","donlogo","donlogo Berberati"
"214"," Dori","15.289197,3.9077","Mambéré-Kadéi","CF21","Dede-Mokouba","CF216","Haute-Kadéi","CF2161","3078.051315","Dori","dori","dori","dori Dede-Mokouba"
"215"," Dougba","21.27015,4.632717","Basse-Kotto","CF61","Mobaye","CF611","Mbéima","CF6112","1448.352368","Dougba","dougba","dougba","dougba Mobaye"
"217"," Doungba 4","20.448902,4.950704","Ouaka","CF43","Kouango","CF434","Cochio-Toulou","CF4343","477.429877","Doungba4","doungba4","doungba4","doungba4 Kouango"
"218"," Fadama","22.7583899999999,5.723679","Mbomou","CF62","Bakouma","CF625","Bakouma","CF6251","1064.157161","Fadama","fadama","fadama","fadama Bakouma"
"222"," Garga Zallo","15.00536,6.343766","Nana-Mambéré","CF22","Baboua","CF223","Goudrot","CF2232","404.023038","GargaZallo","gargazallo","gargazallo","gargazallo Baboua"
"223"," Gba","18.606138,4.700808","Ombella M'Poko","CF11","Damara","CF112","Damara","CF1121","898.14116","Gba","gba","gba","gba Damara"
"224"," Gbabi 1","21.213546,4.40115","Basse-Kotto","CF61","Mobaye","CF611","Mbéima","CF6112","1079.836677","Gbabi1","gbabi1","gbabi1","gbabi1 Mobaye"
"225"," Gbaboua","15.188069,5.581446","Nana-Mambéré","CF22","Baboua","CF223","Fo","CF2235","291.477609","Gbaboua","gbaboua","gbaboua","gbaboua Baboua"
"226"," Gbada","20.0592539999999,5.067707","Ouaka","CF43","Kouango","CF434","Azéngué-Mindou","CF4342","1689.438891","Gbada","gbada","gbada","gbada Kouango"
"227"," Gbadou","18.52449,6.840677","Ouham","CF32","Bouca","CF325","Lady Gbawi","CF3252","560.536544","Gbadou","gbadou","gbadou","gbadou Bouca"
"228"," Gbagaza","15.096651,5.376155","Nana-Mambéré","CF22","Abba","CF224","Abba","CF2241","835.196586","Gbagaza","gbagaza","gbagaza","gbagaza Abba"
"229"," Gbagomara","20.020814,4.980583","Ouaka","CF43","Kouango","CF434","Kouango","CF4341","575.589789","Gbagomara","gbagomara","gbagomara","gbagomara Kouango"
"230"," Gbahao","18.145242,4.762233","Ombella M'Poko","CF11","Boali","CF114","Boali","CF1141","820.393236","Gbahao","gbahao","gbahao","gbahao Boali"
"232"," Gbama 3","21.713676,4.5008","Basse-Kotto","CF61","Kembe","CF613","Mboui","CF6132","682.690174","Gbama3","gbama3","gbama3","gbama3 Kembe"
"234"," Gbambia","14.9855579999999,4.791097","Mambéré-Kadéi","CF21","Amada-Gaza","CF214","Haute-Boumbé","CF2141","2645.272443","Gbambia","gbambia","gbambia","gbambia Amada-Gaza"
"235"," Gbanli","18.249044,5.627105","Ombella M'Poko","CF11","Bogangolo","CF113","Bogangolo","CF1131","256.546621","Gbanli","gbanli","gbanli","gbanli Bogangolo"
"236"," Gbaya 2","18.5660379999999,4.649842","Ombella M'Poko","CF11","Damara","CF112","Damara","CF1121","1914.258488","Gbaya2","gbaya2","gbaya2","gbaya2 Damara"
"237"," Gbaza","21.1930669999999,6.236308","Ouaka","CF43","Ippy","CF435","Ippy","CF4351","1959.704772","Gbaza","gbaza","gbaza","gbaza Ippy"
"239"," Gbegon","18.97184,6.385235","Kémo","CF41","Dekoa","CF412","Dekoa","CF4121","552.580019","Gbegon","gbegon","gbegon","gbegon Dekoa"
"240"," Gbele","18.68164,4.906231","Ombella M'Poko","CF11","Damara","CF112","Damara","CF1121","517.572872","Gbele","gbele","gbele","gbele Damara"
"241"," Gbiangora","19.621582,5.209932","Kémo","CF41","Ndjoukou","CF414","Galabadja","CF4142","429.472518","Gbiangora","gbiangora","gbiangora","gbiangora Ndjoukou"
"242"," Gbombe","22.748678,4.832464","Mbomou","CF62","Bangassou","CF621","Sayo Niakari","CF6212","1259.074815","Gbombe","gbombe","gbombe","gbombe Bangassou"
"243"," Gomoko","18.27533,4.642701","Ombella M'Poko","CF11","Boali","CF114","Boali","CF1141","1019.79437","Gomoko","gomoko","gomoko","gomoko Boali"
"244"," Gou 2","19.134488,6.408298","Kémo","CF41","Dekoa","CF412","Tilo","CF4122","416.064552","Gou2","gou2","gou2","gou2 Dekoa"
"246"," Gouadje 2","20.943788,4.482914","Basse-Kotto","CF61","Zangba","CF615","Ouambé","CF6151","744.460228","Gouadje2","gouadje2","gouadje2","gouadje2 Zangba"
"247"," Gouhoutou","19.756544,5.75123","Ouaka","CF43","Grimari","CF433","Kobadja","CF4332","677.54315","Gouhoutou","gouhoutou","gouhoutou","gouhoutou Grimari"
"249"," Goussouma","19.6281819999999,5.788247","Ouaka","CF43","Grimari","CF433","Kobadja","CF4332","4353.507813","Goussouma","goussouma","goussouma","goussouma Grimari"
"254"," Gpt Kouki","17.2980899999999,7.156851","Ouham","CF32","Nana-Bakassa","CF322","Nana-Bakassa","CF3221","6915.360492","GptKouki","gptkouki","gptkouki","gptkouki Nana-Bakassa"
"255"," Groupement Douane","15.267158,6.518254","Nana-Mambéré","CF22","Bouar","CF221","Niem-Yelewa","CF2212","1844.876729","GroupementDouane","groupementdouane","groupementdouane","groupementdouane Bouar"
"256"," Groupement Mbormon","16.1548139999999,5.609761","Nana-Mambéré","CF22","Baoro","CF222","Bawi Tédoa","CF2221","953.917458","GroupementMbormon","groupementmbormon","groupementmbormon","groupementmbormon Baoro"
"257"," Guerengou-Pont","18.5302539999999,4.580375","Ombella M'Poko","CF11","Bimbo","CF111","Bimbo","CF1111","975.499635","Guerengou-Pont","guerengou-pont","guerengou-pont","guerengou-pont Bimbo"
"258"," Guigui Banda","19.60164,5.312913","Kémo","CF41","Ndjoukou","CF414","Galabadja","CF4142","668.850642","GuiguiBanda","guiguibanda","guiguibanda","guiguibanda Ndjoukou"
"259"," Guissibanda","19.63494,5.893393","Ouaka","CF43","Grimari","CF433","Kobadja","CF4332","451.695433","Guissibanda","guissibanda","guissibanda","guissibanda Grimari"
"260"," Ikoumba","18.607132,3.530932","Lobaye","CF12","Mongoumba","CF122","Mongoumba","CF1221","1130.467384","Ikoumba","ikoumba","ikoumba","ikoumba Mongoumba"
"261"," Ippy","21.1966,6.260115","Ouaka","CF43","Ippy","CF435","Ippy","CF4351","12119.89089","Ippy","ippy","ippy","ippy Ippy"
"262"," Ivoro","18.589986,3.607606","Lobaye","CF12","Mongoumba","CF122","Mongoumba","CF1221","1503.148939","Ivoro","ivoro","ivoro","ivoro Mongoumba"
"263"," Kaeta","15.557707,6.172659","Nana-Mambéré","CF22","Bouar","CF221","Herman-Brousse","CF2213","475.107184","Kaeta","kaeta","kaeta","kaeta Bouar"
"266"," Kambayeke","15.318375,3.893302","Mambéré-Kadéi","CF21","Dede-Mokouba","CF216","Haute-Kadéi","CF2161","976.210449","Kambayeke","kambayeke","kambayeke","kambayeke Dede-Mokouba"
"267"," Kandjia 2","20.0454259999999,5.489931","Ouaka","CF43","Grimari","CF433","Lissa","CF4333","1249.311519","Kandjia2","kandjia2","kandjia2","kandjia2 Grimari"
"268"," Kapabanda","20.6234019999999,5.749739","Ouaka","CF43","Bambari","CF431","Pladama-Ouaka","CF4314","321.233694","Kapabanda","kapabanda","kapabanda","kapabanda Bambari"
"269"," Kassa-Zoya","15.585148,5.81985","Nana-Mambéré","CF22","Bouar","CF221","Zotoua-Bangarem","CF2214","406.420981","Kassa-Zoya","kassa-zoya","kassa-zoya","kassa-zoya Bouar"
"270"," Kava 2","18.51418,7.56606","Ouham","CF32","Kabo","CF327","Ouaki","CF3272","1391.685207","Kava2","kava2","kava2","kava2 Kabo"
"271"," Kawa","21.3244919999999,4.903951","Basse-Kotto","CF61","Alindao","CF612","Guiligui","CF6122","1830.274769","Kawa","kawa","kawa","kawa Alindao"
"272"," Kembe","21.890037,4.614079","Basse-Kotto","CF61","Kembe","CF613","Kembé","CF6131","8219.645855","Kembe","kembe","kembe","kembe Kembe"
"273"," Kemngoyeye","18.5705999999999,7.6412","Ouham","CF32","Kabo","CF327","Sido","CF3271","538.491352","Kemngoyeye","kemngoyeye","kemngoyeye","kemngoyeye Kabo"
"274"," Kobadja","19.927872,6.331621","Ouaka","CF43","Bakala","CF432","Koudou-Bégo","CF4321","1184.439274","Kobadja","kobadja","kobadja","kobadja Bakala"
"275"," Kodi","15.670517,7.400158","Ouham Pendé","CF31","Ngaoundaye","CF315","Lim","CF3152","1846.834404","Kodi","kodi","kodi","kodi Ngaoundaye"
"276"," Kodje 1","20.959664,4.475588","Basse-Kotto","CF61","Zangba","CF615","Ouambé","CF6151","883.611672","Kodje1","kodje1","kodje1","kodje1 Zangba"
"277"," Kodje 3","20.974156,4.471018","Basse-Kotto","CF61","Zangba","CF615","Ouambé","CF6151","333.963467","Kodje3","kodje3","kodje3","kodje3 Zangba"
"278"," Koe","15.183228,5.53019","Nana-Mambéré","CF22","Abba","CF224","Abba","CF2241","385.198671","Koe","koe","koe","koe Abba"
"279"," Korando","15.225398,4.199319","Mambéré-Kadéi","CF21","Gamboula","CF212","Basse-Boumné","CF2121","516.900758","Korando","korando","korando","korando Gamboula"
"280"," Koropeke","17.205794,4.748796","Lobaye","CF12","Boganangone","CF124","Boganangone","CF1241","3262.295318","Koropeke","koropeke","koropeke","koropeke Boganangone"
"281"," Kotissako","20.3856019999999,8.14359","Bamingui-Bangoran","CF51","Bamingui","CF512","Vassako","CF5121","1514.617279","Kotissako","kotissako","kotissako","kotissako Bamingui"
"282"," Koudoukou","20.218688,6.216192","Ouaka","CF43","Bakala","CF432","Koudou-Bégo","CF4321","1052.166868","Koudoukou","koudoukou","koudoukou","koudoukou Bakala"
"283"," Kouleo","15.887639,7.309385","Ouham Pendé","CF31","Ngaoundaye","CF315","Yémé","CF3154","864.781788","Kouleo","kouleo","kouleo","kouleo Ngaoundaye"
"284"," Kouma","19.442536,6.174604","Kémo","CF41","Mala","CF413","Mala","CF4131","1103.824739","Kouma","kouma","kouma","kouma Mala"
"285"," Koumba","16.190311,3.707276","Sangha-Mbaéré","CF23","Nola","CF231","Nola","CF2311","2718.506728","Koumba","koumba","koumba","koumba Nola"
"286"," Koumbe","15.552777,6.009403","Nana-Mambéré","CF22","Bouar","CF221","Herman-Brousse","CF2213","930.953266","Koumbe","koumbe","koumbe","koumbe Bouar"
"287"," Koyabrou","21.2709779999999,4.539296","Basse-Kotto","CF61","Mobaye","CF611","Mbéima","CF6112","857.013236","Koyabrou","koyabrou","koyabrou","koyabrou Mobaye"
"288"," Kpanba 1","18.5347879999999,4.477101","Ombella M'Poko","CF11","Bimbo","CF111","Bimbo","CF1111","1646.950082","Kpanba1","kpanba1","kpanba1","kpanba1 Bimbo"
"290"," Kpeketo","18.244278,4.180372","Lobaye","CF12","Mbaiki","CF121","Pissa","CF1213","1973.29845","Kpeketo","kpeketo","kpeketo","kpeketo Mbaiki"
"291"," Kpete","23.8895979999999,4.996267","Mbomou","CF62","Rafai","CF624","Rafai","CF6241","728.626523","Kpete","kpete","kpete","kpete Rafai"
"292"," Kpoulou","20.826252,4.548103","Basse-Kotto","CF61","Zangba","CF615","Ouambé","CF6151","431.369478","Kpoulou","kpoulou","kpoulou","kpoulou Zangba"
"296"," Lidjombo","16.097193,2.693515","Sangha-Mbaéré","CF23","Bayanga","CF233","Yobé-Sangha","CF2331","611.205405","Lidjombo","lidjombo","lidjombo","lidjombo Bayanga"
"298"," Loungba","23.898776,5.002107","Mbomou","CF62","Rafai","CF624","Rafai","CF6241","1326.867248","Loungba","loungba","loungba","loungba Rafai"
"299"," Makembe","22.929212,4.9036","Mbomou","CF62","Bangassou","CF621","Voungba-Balifondo","CF6213","1916.993778","Makembe","makembe","makembe","makembe Bangassou"
"300"," Mala","19.509564,6.11016","Kémo","CF41","Mala","CF413","Mala","CF4131","2322.631222","Mala","mala","mala","mala Mala"
"301"," Mambele","16.6401329999999,3.927855","Sangha-Mbaéré","CF23","Bambio","CF232","Mbaéré","CF2321","4722.123048","Mambele","mambele","mambele","mambele Bambio"
"302"," Maorka","19.6668619999999,6.662086","Nana-Gribizi","CF42","Mbres","CF422","Mbrés","CF4221","1832.951063","Maorka","maorka","maorka","maorka Mbres"
"303"," Maraba","18.6614059999999,4.8472","Ombella M'Poko","CF11","Damara","CF112","Damara","CF1121","677.411553","Maraba","maraba","maraba","maraba Damara"
"304"," Marba","19.589514,6.075952","Kémo","CF41","Mala","CF413","Mala","CF4131","1019.504794","Marba","marba","marba","marba Mala"
"305"," Mategba","20.74051,4.731464","Basse-Kotto","CF61","Zangba","CF615","Yabongo","CF6152","297.838834","Mategba","mategba","mategba","mategba Zangba"
"306"," Mayaka","16.874884,5.272135","Mambéré-Kadéi","CF21","Gadzi","CF217","Mbali","CF2172","2404.152634","Mayaka","mayaka","mayaka","mayaka Gadzi"
"307"," Mayo-Lara 1","14.941215,6.39793","Nana-Mambéré","CF22","Baboua","CF223","Goudrot","CF2232","425.513625","Mayo-Lara1","mayo-lara1","mayo-lara1","mayo-lara1 Baboua"
"308"," Mbaina","16.549354,5.168576","Mambéré-Kadéi","CF21","Gadzi","CF217","Topia","CF2171","4656.422456","Mbaina","mbaina","mbaina","mbaina Gadzi"
"309"," Mbata","18.2906219999999,3.694272","Lobaye","CF12","Mbaiki","CF121","Mbata","CF1212","6796.897398","Mbata","mbata","mbata","mbata Mbaiki"
"310"," Mbereguili","15.532073,7.257038","Ouham Pendé","CF31","Ngaoundaye","CF315","Kodi","CF3153","729.765483","Mbereguili","mbereguili","mbereguili","mbereguili Ngaoundaye"
"311"," Mbiko","15.233408,3.935903","Mambéré-Kadéi","CF21","Dede-Mokouba","CF216","Haute-Kadéi","CF2161","617.602529","Mbiko","mbiko","mbiko","mbiko Dede-Mokouba"
"312"," Mblebanda","20.560486,5.697496","Ouaka","CF43","Bambari","CF431","Pladama-Ouaka","CF4314","468.685226","Mblebanda","mblebanda","mblebanda","mblebanda Bambari"
"313"," Mboryanga","15.593609,5.798499","Nana-Mambéré","CF22","Bouar","CF221","Zotoua-Bangarem","CF2214","570.300409","Mboryanga","mboryanga","mboryanga","mboryanga Bouar"
"316"," Mengue Bokengue","19.191748,6.910103","Nana-Gribizi","CF42","Kaga-Bandoro","CF421","Ndenga","CF4215","2014.470007","MengueBokengue","menguebokengue","menguebokengue","menguebokengue Kaga-Bandoro"
"317"," Monassao","16.245272,3.250687","Sangha-Mbaéré","CF23","Bayanga","CF233","Yobé-Sangha","CF2331","3094.833717","Monassao","monassao","monassao","monassao Bayanga"
"318"," Mongo","18.5683979999999,3.77177","Lobaye","CF12","Mongoumba","CF122","Mongoumba","CF1221","434.795148","Mongo","mongo","mongo","mongo Mongoumba"
"319"," Mourou Fleuve","19.5285359999999,5.162973","Kémo","CF41","Ndjoukou","CF414","Galabadja","CF4142","309.783455","MourouFleuve","mouroufleuve","mouroufleuve","mouroufleuve Ndjoukou"
"320"," Nadziboro","15.409375,5.275151","Nana-Mambéré","CF22","Abba","CF224","Nadziboro","CF2242","524.87401","Nadziboro","nadziboro","nadziboro","nadziboro Abba"
"321"," Nalimo","16.155549,3.494285","Sangha-Mbaéré","CF23","Nola","CF231","Nola","CF2311","2678.675128","Nalimo","nalimo","nalimo","nalimo Nola"
"322"," Nangoko","15.361528,4.250441","Mambéré-Kadéi","CF21","Gamboula","CF212","Basse-Boumné","CF2121","7130.7392","Nangoko","nangoko","nangoko","nangoko Gamboula"
"324"," Ndele","20.6479989999999,8.411999","Bamingui-Bangoran","CF51","Ndele","CF511","Dar El Kouti","CF5111","9694.506056","Ndele","ndele","ndele","ndele Ndele"
"325"," Ndia","18.54149,4.292519","Ombella M'Poko","CF11","Bimbo","CF111","Bimbo","CF1111","453.34166","Ndia","ndia","ndia","ndia Bimbo"
"326"," Ndiba","19.68624,6.657368","Nana-Gribizi","CF42","Mbres","CF422","Mbrés","CF4221","1367.663486","Ndiba","ndiba","ndiba","ndiba Mbres"
"327"," Ndimba 1","18.45618,7.47513","Ouham","CF32","Kabo","CF327","Ouaki","CF3272","386.579224","Ndimba1","ndimba1","ndimba1","ndimba1 Kabo"
"328"," Ndjangala","19.8180979999999,5.754308","Ouaka","CF43","Grimari","CF433","Kobadja","CF4332","1488.541769","Ndjangala","ndjangala","ndjangala","ndjangala Grimari"
"329"," Ndjo","17.602892,5.70007","Ombella M'Poko","CF11","Bossembele","CF115","Bossembélé","CF1151","2404.711207","Ndjo","ndjo","ndjo","ndjo Bossembele"
"330"," Ngabongo","15.164505,4.903163","Mambéré-Kadéi","CF21","Amada-Gaza","CF214","Haute-Boumbé","CF2141","773.552255","Ngabongo","ngabongo","ngabongo","ngabongo Amada-Gaza"
"331"," Ngaboua","16.458485,4.848818","Mambéré-Kadéi","CF21","Gadzi","CF217","Topia","CF2171","2613.792231","Ngaboua","ngaboua","ngaboua","ngaboua Gadzi"
"332"," Ngalia","21.7633,4.610944","Basse-Kotto","CF61","Kembe","CF613","Kembé","CF6131","583.601887","Ngalia","ngalia","ngalia","ngalia Kembe"
"333"," Ngamongo","14.909646,5.823615","Nana-Mambéré","CF22","Baboua","CF223","Baboua","CF2231","534.869072","Ngamongo","ngamongo","ngamongo","ngamongo Baboua"
"334"," Ngandio","15.5426319999999,3.995325","Mambéré-Kadéi","CF21","Sosso-Nakombo","CF215","Basse-Kadéi","CF2151","1265.17032","Ngandio","ngandio","ngandio","ngandio Sosso-Nakombo"
"335"," Ngapo","20.9020459999999,4.729721","Basse-Kotto","CF61","Zangba","CF615","Yabongo","CF6152","320.749513","Ngapo","ngapo","ngapo","ngapo Zangba"
"336"," Ngbaboko","16.1690119999999,4.660785","Mambéré-Kadéi","CF21","Carnot","CF213","Carnot","CF2131","1070.78125","Ngbaboko","ngbaboko","ngbaboko","ngbaboko Carnot"
"337"," Ngbafio 1","15.4112849999999,5.310668","Nana-Mambéré","CF22","Abba","CF224","Abba","CF2241","270.183515","Ngbafio1","ngbafio1","ngbafio1","ngbafio1 Abba"
"338"," Ngbanda","23.094334,4.829665","Mbomou","CF62","Bangassou","CF621","Zangandou","CF6214","324.576345","Ngbanda","ngbanda","ngbanda","ngbanda Bangassou"
"339"," Ngbando 1","21.7311079999999,4.342946","Basse-Kotto","CF61","Satema","CF616","Kotto-Oubangui","CF6161","822.08903","Ngbando1","ngbando1","ngbando1","ngbando1 Satema"
"341"," Ngonza","23.9209059999999,4.988969","Mbomou","CF62","Rafai","CF624","Rafai","CF6241","1449.583294","Ngonza","ngonza","ngonza","ngonza Rafai"
"342"," Ngopama","18.506022,3.698151","Lobaye","CF12","Mongoumba","CF122","Mongoumba","CF1221","459.640585","Ngopama","ngopama","ngopama","ngopama Mongoumba"
"343"," Ngotto","17.33612,4.033818","Lobaye","CF12","Boda","CF123","Lobaye","CF1232","6205.8423","Ngotto","ngotto","ngotto","ngotto Boda"
"344"," Ngoubondo","21.615862,6.431375","Ouaka","CF43","Ippy","CF435","Yéngou","CF4352","782.775631","Ngoubondo","ngoubondo","ngoubondo","ngoubondo Ippy"
"345"," Ngoudongo 1","19.1315999999999,6.080344","Kémo","CF41","Dekoa","CF412","Guiffa","CF4123","552.857998","Ngoudongo1","ngoudongo1","ngoudongo1","ngoudongo1 Dekoa"
"346"," Ngouka","18.6543439999999,4.831962","Ombella M'Poko","CF11","Damara","CF112","Damara","CF1121","289.231899","Ngouka","ngouka","ngouka","ngouka Damara"
"347"," Ngoumbeti","18.5042,4.431416","Ombella M'Poko","CF11","Bimbo","CF111","Bimbo","CF1111","5279.421865","Ngoumbeti","ngoumbeti","ngoumbeti","ngoumbeti Bimbo"
"349"," Ngourkaba 1","19.4776619999999,6.135276","Kémo","CF41","Mala","CF413","Mala","CF4131","1188.144685","Ngourkaba1","ngourkaba1","ngourkaba1","ngourkaba1 Mala"
"350"," Niango 2","20.1822839999999,7.574745","Bamingui-Bangoran","CF51","Bamingui","CF512","Vassako","CF5121","1698.472556","Niango2","niango2","niango2","niango2 Bamingui"
"352"," Nzembe","15.4399979999999,3.923608","Mambéré-Kadéi","CF21","Sosso-Nakombo","CF215","Basse-Kadéi","CF2151","405.94456","Nzembe","nzembe","nzembe","nzembe Sosso-Nakombo"
"353"," Nzerewere","15.648087,7.016757","Ouham Pendé","CF31","Bocaranga","CF312","Bocaranga","CF3121","4170.690923","Nzerewere","nzerewere","nzerewere","nzerewere Bocaranga"
"354"," Ouande-Linguiri","19.9303959999999,6.985596","Nana-Gribizi","CF42","Mbres","CF422","Mbrés","CF4221","528.735884","Ouande-Linguiri","ouande-linguiri","ouande-linguiri","ouande-linguiri Mbres"
"355"," Ouatta","16.123335,3.982216","Mambéré-Kadéi","CF21","Berberati","CF211","Basse-Mambéré","CF2114","670.674695","Ouatta","ouatta","ouatta","ouatta Berberati"
"356"," Ouhi","20.702,8.401754","Bamingui-Bangoran","CF51","Ndele","CF511","Dar El Kouti","CF5111","709.016761","Ouhi","ouhi","ouhi","ouhi Ndele"
"357"," Pate-Mamadou","15.6156159999999,5.728469","Nana-Mambéré","CF22","Bouar","CF221","Zotoua-Bangarem","CF2214","766.955723","Pate-Mamadou","pate-mamadou","pate-mamadou","pate-mamadou Bouar"
"358"," Poubati","16.390008,7.168088","Ouham Pendé","CF31","Paoua","CF314","Banh","CF3148","1999.80714","Poubati","poubati","poubati","poubati Paoua"
"359"," Poutem","17.3087899999999,4.041141","Lobaye","CF12","Boda","CF123","Lobaye","CF1232","943.483233","Poutem","poutem","poutem","poutem Boda"
"362"," Sambora","23.6676779999999,4.956424","Mbomou","CF62","Rafai","CF624","Rafai","CF6241","1865.339738","Sambora","sambora","sambora","sambora Rafai"
"363"," Sanda Boguera","15.456402,5.236147","Nana-Mambéré","CF22","Abba","CF224","Nadziboro","CF2242","306.849421","SandaBoguera","sandaboguera","sandaboguera","sandaboguera Abba"
"364"," Sanyele","17.229322,4.577997","Lobaye","CF12","Boganda","CF125","Boganda","CF1251","339.084817","Sanyele","sanyele","sanyele","sanyele Boganda"
"365"," Sosso-Nakombo","15.496017,3.909855","Mambéré-Kadéi","CF21","Sosso-Nakombo","CF215","Basse-Kadéi","CF2151","4252.378021","Sosso-Nakombo","sosso-nakombo","sosso-nakombo","sosso-nakombo Sosso-Nakombo"
"367"," Takamala","22.4597279999999,10.234144","Vakaga","CF53","Birao","CF531","Ridina","CF5311","494.559341","Takamala","takamala","takamala","takamala Birao"
"368"," Tedoa","16.4906879999999,5.551529","Nana-Mambéré","CF22","Baoro","CF222","Bawi Tédoa","CF2221","1941.502591","Tedoa","tedoa","tedoa","tedoa Baoro"
"369"," Tilo","19.227944,6.297644","Kémo","CF41","Dekoa","CF412","Tilo","CF4122","1230.857632","Tilo","tilo","tilo","tilo Dekoa"
"378"," Unknown 50","14.557016,6.005471","Nana-Mambéré","CF22","Baboua","CF223","Koundé","CF2234","1101.097409","Unknown50","unknown50","unknown50","unknown50 Baboua"
"382"," Unknown 87","20.60572,8.368039","Bamingui-Bangoran","CF51","Bamingui","CF512","Vassako","CF5121","724.323605","Unknown87","unknown87","unknown87","unknown87 Bamingui"
"383"," Wambilo","15.530004,3.975056","Mambéré-Kadéi","CF21","Sosso-Nakombo","CF215","Basse-Kadéi","CF2151","1499.46112","Wambilo","wambilo","wambilo","wambilo Sosso-Nakombo"
"385"," Yaloke","17.092409,5.320378","Ombella M'Poko","CF11","Yaloke","CF116","Yaloké","CF1161","10504.45244","Yaloke","yaloke","yaloke","yaloke Yaloke"
"387"," Yatigaza","20.3371439999999,5.450146","Ouaka","CF43","Bambari","CF431","Pladama-Ouaka","CF4314","426.556217","Yatigaza","yatigaza","yatigaza","yatigaza Bambari"
"388"," Yomba","19.425018,6.181956","Kémo","CF41","Mala","CF413","Mala","CF4131","754.117","Yomba","yomba","yomba","yomba Mala"
"389"," Yoro Gbaya","15.81811,5.261489","Nana-Mambéré","CF22","Baoro","CF222","Yoro-Samba Bougoulou","CF2222","2800.779002","YoroGbaya","yorogbaya","yorogbaya","yorogbaya Baoro"
"390"," Youngofongo 1","22.983996,4.841015","Mbomou","CF62","Bangassou","CF621","Zangandou","CF6214","980.634914","Youngofongo1","youngofongo1","youngofongo1","youngofongo1 Bangassou"
"391"," Zacka","17.127126,4.942238","Lobaye","CF12","Boganangone","CF124","Boganangone","CF1241","710.665992","Zacka","zacka","zacka","zacka Boganangone"
"393"," Zila","18.4960659999999,4.308145","Ombella M'Poko","CF11","Bimbo","CF111","Bimbo","CF1111","1222.300932","Zila","zila","zila","zila Bimbo"
"394"," Zombere","16.417864,6.27376","Ouham Pendé","CF31","Bossemtele","CF316","Binon","CF3161","611.856261","Zombere","zombere","zombere","zombere Bossemtele"
"395","BABALA","22.2621299999999,4.650412","Mbomou","CF62","Gambo","CF623","Gambo","CF6231","2924.054112","BABALA","babala","babala","babala Gambo"
"396","BAKABA","19.03517,7.106127","Nana-Gribizi","CF42","Kaga-Bandoro","CF421","Nana-Outa","CF4213","2413.840476","BAKABA","bakaba","bakaba","bakaba Kaga-Bandoro"
"397","BALLA","16.638007,5.678798","Ouham Pendé","CF31","Bossemtele","CF316","Binon","CF3161","7642.451388","BALLA","balla","balla","balla Bossemtele"
"398","BALOUBA","20.1717559999999,7.472274","Bamingui-Bangoran","CF51","Bamingui","CF512","Vassako","CF5121","703.517876","BALOUBA","balouba","balouba","balouba Bamingui"
"399","BATAYANGA","15.4510609999999,6.936927","Ouham Pendé","CF31","Koui","CF313","Koui","CF3131","6771.772143","BATAYANGA","batayanga","batayanga","batayanga Koui"
"400","BEBOUZAWE 1","16.45409,7.368527","Ouham Pendé","CF31","Paoua","CF314","Bah-Bessar","CF3143","2210.893961","BEBOUZAWE1","bebouzawe1","bebouzawe1","bebouzawe1 Paoua"
"401","BEMAIDE CITY","16.5023559999999,7.501965","Ouham Pendé","CF31","Paoua","CF314","Bah-Bessar","CF3143","2346.752555","BEMAIDECITY","bemaidecity","bemaidecity","bemaidecity Paoua"
"402","BOBORO","15.658675,6.940241","Ouham Pendé","CF31","Bocaranga","CF312","Bocaranga","CF3121","1959.204946","BOBORO","boboro","boboro","boboro Bocaranga"
"403","BOKONE","16.384239,6.318983","Ouham Pendé","CF31","Bozoum","CF311","Bozoum","CF3111","24291.03719","BOKONE","bokone","bokone","bokone Bozoum"
"405","BOTOKON","19.014358,6.944847","Nana-Gribizi","CF42","Kaga-Bandoro","CF421","Botto","CF4212","2087.025781","BOTOKON","botokon","botokon","botokon Kaga-Bandoro"
"406","ECOLE MIXTE 1","15.637078,6.985692","Ouham Pendé","CF31","Bocaranga","CF312","Bocaranga","CF3121","498","ECOLEMIXTE1","ecolemixte1","ecolemixte1","ecolemixte1 Bocaranga"
"407","GBADOU","21.991405,6.537415","Haute-Kotto","CF52","Bria","CF521","Samba-Boungou","CF5211","34236.14344","GBADOU","gbadou","gbadou","gbadou Bria"
"408","GBANENGUE 2","16.391576,6.233304","Ouham Pendé","CF31","Bossemtele","CF316","Binon","CF3161","1364.501107","GBANENGUE2","gbanengue2","gbanengue2","gbanengue2 Bossemtele"
"409","KAIDOMON","15.634471,6.997848","Ouham Pendé","CF31","Bocaranga","CF312","Bocaranga","CF3121","480","KAIDOMON","kaidomon","kaidomon","kaidomon Bocaranga"
"410","Kitessa","25.363332,5.360081","Haut-Mbomou","CF63","Zemio","CF633","Zémio","CF6331","2040.883175","Kitessa","kitessa","kitessa","kitessa Zemio"
"411","KOUMBOLI","25.1698519999999,5.065872","Haut-Mbomou","CF63","Zemio","CF633","Zémio","CF6331","2607.555","KOUMBOLI","koumboli","koumboli","koumboli Zemio"
"412","LA SIM","21.991405,6.537415","Haute-Kotto","CF52","Bria","CF521","Samba-Boungou","CF5211","28636.14344","LASIM","lasim","lasim","lasim Bria"
"413","LAMORDE","15.448154,6.937674","Ouham Pendé","CF31","Koui","CF313","Koui","CF3131","1785","LAMORDE","lamorde","lamorde","lamorde Koui"
"414","MANDE 3","21.991405,6.537415","Haute-Kotto","CF52","Bria","CF521","Samba-Boungou","CF5211","26529.14344","MANDE3","mande3","mande3","mande3 Bria"
"415","MBAMBALE","22.4513579999999,4.375263","Mbomou","CF62","Ouango","CF622","Ouango","CF6221","1201.052952","MBAMBALE","mbambale","mbambale","mbambale Ouango"
"416","MBENGOU","20.153274,7.310695","Bamingui-Bangoran","CF51","Bamingui","CF512","Vassako","CF5121","780.100264","MBENGOU","mbengou","mbengou","mbengou Bamingui"
"417","NDOGBA","22.436094,4.280663","Mbomou","CF62","Ouango","CF622","Ouango","CF6221","2161.374341","NDOGBA","ndogba","ndogba","ndogba Ouango"
"418","NDOMENDE 1","21.991405,6.537415","Haute-Kotto","CF52","Bria","CF521","Samba-Boungou","CF5211","26678.14344","NDOMENDE1","ndomende1","ndomende1","ndomende1 Bria"
"419","NGUEREFARA","22.786318,5.693716","Mbomou","CF62","Bakouma","CF625","Bakouma","CF6251","6761.880928","NGUEREFARA","nguerefara","nguerefara","nguerefara Bakouma"
"420","Obo","26.4946389999999,5.403851","Haut-Mbomou","CF63","Obo","CF631","Obo","CF6311","5743.848245","Obo","obo","obo","obo Obo"
"421","MBILAGBI","15.4431449999999,6.936879","Ouham Pendé","CF31","Koui","CF313","Koui","CF3131","525","MBILAGBI","mbilagbi","mbilagbi","mbilagbi Koui"
"423","Zemio","25.1294229999999,5.024257","Haut-Mbomou","CF63","Zemio","CF633","Zémio","CF6331","8309.277075","Zemio","zemio","zemio","zemio Zemio"
"424","ZIME","22.82966,5.690336","Mbomou","CF62","Bakouma","CF625","Bakouma","CF6251","1172.313321","ZIME","zime","zime","zime Bakouma"
"425","BORNOU 1","21.991405,6.537415","Haute-Kotto","CF52","Bria","CF521","Samba-Boungou","","33493.14344","BORNOU1","bornou1","bornou1","bornou1 Bria"
"426","AMAMEU","21.991405,6.537415","Haute-Kotto","CF52","Bria","CF521","Samba-Boungou","","30249.14344","AMAMEU","amameu","amameu","amameu Bria"
"427","GALABADJA","21.991405,6.537415","Haute-Kotto","CF52","Bria","CF521","Samba-Boungou","","28807.14344","GALABADJA","galabadja","galabadja","galabadja Bria"
"429","GOBOLO 2","21.991405,6.537415","Haute-Kotto","CF52","Bria","CF521","Samba-Boungou","","27682.14344","GOBOLO2","gobolo2","gobolo2","gobolo2 Bria"
"433","BETIBOINDA 1","16.5513119999999,7.252069","Ouham Pendé","CF31","Paoua","CF314","Paoua","","450.120393","BETIBOINDA1","betiboinda1","betiboinda1","betiboinda1 Paoua"
"434","BEBOY 1","16.458019,7.372372","Ouham Pendé","CF31","Paoua","CF314","Bah-Bessar","","1693.728956","BEBOY1","beboy1","beboy1","beboy1 Paoua"
"435","BARYA (GANG NDA)","16.7705939999999,7.23492","Ouham Pendé","CF31","Paoua","CF314","Nana-Barya","","361.942703","BARYA(GANGNDA)","barya(gangnda)","barya(gangnda)","barya(gangnda) Paoua"
"437","FAH-VILLAGE","18.981756,6.925971","Nana-Gribizi","CF42","Kaga-Bandoro","CF421","Botto","","784","FAH-VILLAGE","fah-village","fah-village","fah-village Kaga-Bandoro"
"440","PATCHO 1","19.001816,7.129495","Nana-Gribizi","CF42","Kaga-Bandoro","CF421","Nana-Outa","","1732.537424","PATCHO1","patcho1","patcho1","patcho1 Kaga-Bandoro"
"441","BOUBOU 1","19.232758,7.015726","Nana-Gribizi","CF42","Kaga-Bandoro","CF421","Grivai-Pamia","","896.354498","BOUBOU1","boubou1","boubou1","boubou1 Kaga-Bandoro"
"442","GREVAI 2","19.443158,7.060761","Nana-Gribizi","CF42","Kaga-Bandoro","CF421","Grivai-Pamia","","2917.10244","GREVAI2","grevai2","grevai2","grevai2 Kaga-Bandoro"
"443","KABA","19.3842399999999,7.031841","Nana-Gribizi","CF42","Kaga-Bandoro","CF421","Grivai-Pamia","","2060.925413","KABA","kaba","kaba","kaba Kaga-Bandoro"
"444","ZINDI","19.409756,7.060455","Nana-Gribizi","CF42","Kaga-Bandoro","CF421","Grivai-Pamia","","857.633278","ZINDI","zindi","zindi","zindi Kaga-Bandoro"
"445","KANGA","19.4807419999999,6.683507","Nana-Gribizi","CF42","Kaga-Bandoro","CF421","Ndenga","","2059.174893","KANGA","kanga","kanga","kanga Kaga-Bandoro"
"446","MENGUE BOKENGUE","19.191748,6.910103","Nana-Gribizi","CF42","Kaga-Bandoro","CF421","Ndenga","","6308.470106","MENGUEBOKENGUE","menguebokengue","menguebokengue","menguebokengue Kaga-Bandoro"
"447","LEMANA 2","20.6906779999999,8.448537","Bamingui-Bangoran","CF51","Ndele","CF511","Dar El Kouti","","941.566144","LEMANA2","lemana2","lemana2","lemana2 Ndele"
"448","SOKOUMBA","20.669114,8.720995","Bamingui-Bangoran","CF51","Ndele","CF511","Dar El Kouti","","273.474885","SOKOUMBA","sokoumba","sokoumba","sokoumba Ndele"
"449","ZOUKOUTOUNIALA 2","20.612234,8.555723","Bamingui-Bangoran","CF51","Ndele","CF511","Dar El Kouti","","611.931462","ZOUKOUTOUNIALA2","zoukoutouniala2","zoukoutouniala2","zoukoutouniala2 Ndele"
"450","BANDOU 2","21.2501439999999,4.448074","Basse-Kotto","CF61","Mobaye","CF611","Mbéima","","2598.935736","BANDOU2","bandou2","bandou2","bandou2 Mobaye"
"451","GBAMA 1","21.217642,4.421153","Basse-Kotto","CF61","Mobaye","CF611","Mbéima","","1807.986015","GBAMA1","gbama1","gbama1","gbama1 Mobaye"
"452","KANDJA","21.25911,4.437247","Basse-Kotto","CF61","Mobaye","CF611","Mbéima","","536.945559","KANDJA","kandja","kandja","kandja Mobaye"
"453","OYE 1","21.2113419999999,4.394179","Basse-Kotto","CF61","Mobaye","CF611","Mbéima","","2187.343295","OYE1","oye1","oye1","oye1 Mobaye"
"454","ZARAWA","21.3112819999999,4.857598","Basse-Kotto","CF61","Alindao","CF612","Bakou","","2780.56685","ZARAWA","zarawa","zarawa","zarawa Alindao"
"455","YENZIA","22.4249019999999,4.3931","Mbomou","CF62","Ouango","CF622","Ouango","","1191.63046","YENZIA","yenzia","yenzia","yenzia Ouango"
"456","YOLOUNGOU","22.60163,4.483679","Mbomou","CF62","Ouango","CF622","Ouango","","937.268437","YOLOUNGOU","yoloungou","yoloungou","yoloungou Ouango"
"457","BAGUINI","22.3198359999999,4.647294","Mbomou","CF62","Gambo","CF623","Gambo","","207.695605","BAGUINI","baguini","baguini","baguini Gambo"
"458","BAO","22.359788,4.43599","Mbomou","CF62","Gambo","CF623","Gambo","","1202.366022","BAO","bao","bao","bao Gambo"
"459","MBANGO","22.2604979999999,4.663726","Mbomou","CF62","Gambo","CF623","Gambo","","1006.780278","MBANGO","mbango","mbango","mbango Gambo"
"460","MBRINGA","22.25102,4.666756","Mbomou","CF62","Gambo","CF623","Gambo","","615.686495","MBRINGA","mbringa","mbringa","mbringa Gambo"
"461","SOCADA","22.266444,4.654235","Mbomou","CF62","Gambo","CF623","Gambo","","493","SOCADA","socada","socada","socada Gambo"
"462","PASSIKI","22.7937639999999,5.686553","Mbomou","CF62","Bakouma","CF625","Bakouma","","429.201654","PASSIKI","passiki","passiki","passiki Bakouma"
"463","KARE-BEE 2","16.377882,6.312513","Ouham Pendé","CF31","Bozoum","CF311","Bozoum","","968.6142","KARE-BEE2","kare-bee2","kare-bee2","kare-bee2 Bozoum"
"464","KPETENE","16.353869,6.335287","Ouham Pendé","CF31","Bozoum","CF311","Kouazo","","1091.438177","KPETENE","kpetene","kpetene","kpetene Bozoum"
"465","MBIKE 2","15.6588189999999,6.942794","Ouham Pendé","CF31","Bocaranga","CF312","Bocaranga","","265","MBIKE2","mbike2","mbike2","mbike2 Bocaranga"
"466","DJOGUEL","15.4443769999999,6.934093","Ouham Pendé","CF31","Koui","CF313","Koui","","1562.243286","DJOGUEL","djoguel","djoguel","djoguel Koui"
"467","PLATON","16.429257,7.244836","Ouham Pendé","CF31","Paoua","CF314","Paoua","","80","PLATON","platon","platon","platon Paoua"
"468","ACADOP","16.434175,7.245206","Ouham Pendé","CF31","Paoua","CF314","Paoua","","157.706798","ACADOP","acadop","acadop","acadop Paoua"
"469","AERODROME","16.434175,7.245206","Ouham Pendé","CF31","Paoua","CF314","Paoua","","175","AERODROME","aerodrome","aerodrome","aerodrome Paoua"
"471","TALEY","16.3786549999999,6.674431","Ouham Pendé","CF31","Paoua","CF314","Mom","","3890.583792","TALEY","taley","taley","taley Paoua"
"472","BEDAYA 1 (NDIMBAYA)","16.501871,7.462962","Ouham Pendé","CF31","Paoua","CF314","Bah-Bessar","","814","BEDAYA1(NDIMBAYA)","bedaya1(ndimbaya)","bedaya1(ndimbaya)","bedaya1(ndimbaya) Paoua"
"473","AWAL 1","20.68188,5.764254","Ouaka","CF43","Bambari","CF431","Bambari","","39612.51628","AWAL1","awal1","awal1","awal1 Bambari"
"474","AWAL 2","20.680499,5.763568","Ouaka","CF43","Bambari","CF431","Bambari","","1947.380399","AWAL2","awal2","awal2","awal2 Bambari"
"475","CTRO","20.6616089999999,5.760686","Ouaka","CF43","Bambari","CF431","Bambari","","2315.576627","CTRO","ctro","ctro","ctro Bambari"
"476","GBIASSANGO","20.6654149999999,5.766565","Ouaka","CF43","Bambari","CF431","Bambari","","103.266126","GBIASSANGO","gbiassango","gbiassango","gbiassango Bambari"
"477","WANGAYE 1","20.6814989999999,5.765261","Ouaka","CF43","Bambari","CF431","Bambari","","168.19125","WANGAYE1","wangaye1","wangaye1","wangaye1 Bambari"
"478"," Carnot","15.868541,4.939971","Mambéré-Kadéi","CF21","Carnot","CF213","Carnot","","36653.66586","Carnot","carnot","carnot","carnot Carnot"
"479"," Bouar","15.592954,5.931157","Nana-Mambéré","CF22","Bouar","CF221","Herman-Brousse","","28378.02371","Bouar","bouar","bouar","bouar Bouar"
"480"," Garoua","15.197208,5.823887","Nana-Mambéré","CF22","Bouar","CF221","Béa-Nana","","1549.249896","Garoua","garoua","garoua","garoua Bouar"
"481"," Bria","21.991405,6.537415","Haute-Kotto","CF52","Bria","CF521","Samba-Boungou","","25832.14344","Bria","bria","bria","bria Bria"
"483","GOZAMAR","20.625,8.423889","Bamingui-Bangoran","","Ndele","","Dar-El-Kouti","","302","GOZAMAR","gozamar","gozamar","gozamar Ndele"
"485","KONGO 2","21.214987,5.042049","Basse-Kotto","","Alindao","","Alindao","","4175","KONGO2","kongo2","kongo2","kongo2 Alindao"
"486","MISSION CATHOLIQUE","21.214987,5.042049","Basse-Kotto","","Alindao","","Alindao","","25645","MISSIONCATHOLIQUE","missioncatholique","missioncatholique","missioncatholique Alindao"
"488","Site Elim","21.214987,5.042049","Basse-kotto","","Alindao","","Alindao","","2627","SiteElim","siteelim","siteelim","siteelim Alindao"
"490","VOUNDJA DJOGO","21.214987,5.042049","Basse-Kotto","","Alindao","","Alindao","","1700","VOUNDJADJOGO","voundjadjogo","voundjadjogo","voundjadjogo Alindao"
"491","ANGAZEU (KONGBO)","21.36464,4.772754","Basse-Kotto","","Alindao","","Bakou","","6840","ANGAZEU(KONGBO)","angazeu(kongbo)","angazeu(kongbo)","angazeu(kongbo) Alindao"
"493","Eglise Catholique","21.991405,6.537415","Haute-Kotto","","Bria","","Bria","","464","EgliseCatholique","eglisecatholique","eglisecatholique","eglisecatholique Bria"
"494","Eglise CEBI 1","21.991405,6.537415","Haute-Kotto","","Bria","","Bria","","215","EgliseCEBI1","eglisecebi1","eglisecebi1","eglisecebi1 Bria"
"495","Eglise CEBI 3","21.991405,6.537415","Haute-Kotto","","Bria","","Bria","","614","EgliseCEBI3","eglisecebi3","eglisecebi3","eglisecebi3 Bria"
"496","Hopital de Bria","21.991405,6.537415","Haute-Kotto","","Bria","","Bria","","345","HopitaldeBria","hopitaldebria","hopitaldebria","hopitaldebria Bria"
"497","PK 3","21.991405,6.537415","Haute-Kotto","","Bria","","Bria","","50030","PK3","pk3","pk3","pk3 Bria"
"498","BAMBITO","26.4946389999999,5.403851","Haut-Mbomou","","Obo","","Obo","","655","BAMBITO","bambito","bambito","bambito Obo"
"499","Boyo","26.4946389999999,5.403851","Haut-Mbomou","","Obo","","Obo","","870","Boyo","boyo","boyo","boyo Obo"
"500","Gambo","26.4946389999999,5.403851","Haut-Mbomou","","Obo","","Obo","","563","Gambo","gambo","gambo","gambo Obo"
"501","Gougbere","26.4946389999999,5.403851","Haut-Mbomou","","Obo","","Obo","","2205","Gougbere","gougbere","gougbere","gougbere Obo"
"502","MOTOPI","26.4946389999999,5.403851","Haut-Mbomou","","Obo","","Obo","","833","MOTOPI","motopi","motopi","motopi Obo"
"503","NAKPANGA","26.4946389999999,5.403851","Haut-Mbomou","","Obo","","Obo","","1274","NAKPANGA","nakpanga","nakpanga","nakpanga Obo"
"504","Nguilinguili","26.4946389999999,5.403851","Haut-Mbomou","","Obo","","Obo","","455","Nguilinguili","nguilinguili","nguilinguili","nguilinguili Obo"
"505","Gendarmerie","25.1294229999999,5.024257","Haut-Mbomou","","Zemio","","Zemio","","2161","Gendarmerie","gendarmerie","gendarmerie","gendarmerie Zemio"
"506","ARGUE","25.1294229999999,5.024257","Haut-Mbomou","","Zemio","","Zémio","","3821","ARGUE","argue","argue","argue Zemio"
"508","AIM","23.933396,4.969394","Mbomou","","Rafai","","Rafaï","","1265","AIM","aim","aim","aim Rafai"
"509","BINGBA 3","23.933396,4.969394","Mbomou","","Rafai","","Rafaï","","3466","BINGBA3","bingba3","bingba3","bingba3 Rafai"
"510","SANDOU","23.933396,4.969394","Mbomou","","Rafai","","Rafaï","","2830","SANDOU","sandou","sandou","sandou Rafai"
"512","LAZARE","19.1915429999999,6.990379","Nana-Gribizi","","Kaga-Bandoro","","Kaga-Bandoro","","7795","LAZARE","lazare","lazare","lazare Kaga-Bandoro"
"513","MBELLA","19.1915429999999,6.990379","Nana-Gribizi","","Kaga-Bandoro","","Kaga-Bandoro","","1012","MBELLA","mbella","mbella","mbella Kaga-Bandoro"
"514","Minusca","19.1915429999999,6.990379","Nana-Gribizi","","Kaga-Bandoro","","Kaga-Bandoro","","12621","Minusca","minusca","minusca","minusca Kaga-Bandoro"
"515","CAMP ELEVAGE","20.654183,5.764845","Ouaka","","Bambari","","Bambari","","9009","CAMPELEVAGE","campelevage","campelevage","campelevage Bambari"
"517","KIDJIGRA 1","20.654183,5.764845","Ouaka","","Bambari","","Bambari","","2948","KIDJIGRA1","kidjigra1","kidjigra1","kidjigra1 Bambari"
"518","MINUSCA PK 8","20.654183,5.764845","Ouaka","","Bambari","","Bambari","","2009","MINUSCAPK8","minuscapk8","minuscapk8","minuscapk8 Bambari"
"519","Site alternatif (Misca)","20.654183,5.764845","Ouaka","","Bambari","","Bambari","","3784","Sitealternatif(Misca)","sitealternatif(misca)","sitealternatif(misca)","sitealternatif(misca) Bambari"
"520","MALOUM 1","21.162894,5.933953","Ouaka","","Bambari","","Danga-Gboudou","","8330","MALOUM1","maloum1","maloum1","maloum1 Bambari"
"521","AVIATION","20.657,5.803","Ouaka","","Bambari","","Pladama-Ouaka","","4957","AVIATION","aviation","aviation","aviation Bambari"
"522","NGALINGOU","20.632612,5.815401","Ouaka","","Bambari","","Pladama-Ouaka","","2477","NGALINGOU","ngalingou","ngalingou","ngalingou Bambari"
"526","Maison des jeunes","18.285135,7.300987","Ouham","","Batangafo","","Batangafo","","3658","Maisondesjeunes","maisondesjeunes","maisondesjeunes","maisondesjeunes Batangafo"
"527","Zibo Bagga","18.285135,7.300987","Ouham","","Batangafo","","Batangafo","","2002","ZiboBagga","zibobagga","zibobagga","zibobagga Batangafo"
"529","Ndoubou","18.3209,7.3141","Ouham","","Batangafo","","Ouassi","","174","Ndoubou","ndoubou","ndoubou","ndoubou Batangafo"
"530","Kawa","18.478824,6.807425","Ouham","","Bouca",""," Bouca Maraze","","250","Kawa","kawa","kawa","kawa Bouca"
"531","Gbakaya","18.308738,6.874992","Ouham","","Bouca","","Lady Gbawi","","1265","Gbakaya","gbakaya","gbakaya","gbakaya Bouca"
"532","Lady B","18.347196,7.036628","Ouham","","Bouca","","Lady Gbawi","","303","LadyB","ladyb","ladyb","ladyb Bouca"
"533","Farazala B","18.74324,7.38043","Ouham","","Kabo","","Kabo","","21","FarazalaB","farazalab","farazalab","farazalab Kabo"
"534","site C (cite de la paix)","18.626926,7.695467","Ouham","","Kabo","","Sido","","2640","siteC(citedelapaix)","sitec(citedelapaix)","sitec(citedelapaix)","sitec(citedelapaix) Kabo"
"535"," Niango 1","20.189118,7.584989","Bamingui-Bangoran","CF51","Bamingui","CF512","Vassako","CF5121","595.340896","Niango1","niango1","niango1","niango1 Bamingui"
"538"," Batali","17.2319339999999,4.176354","Lobaye","CF12","Boda","CF123","Lobaye","CF1232","666.945044","Batali","batali","batali","batali Boda"
"539"," Samandoro","17.400528,4.284795","Lobaye","CF12","Boda","CF123","Lobaye","CF1232","618.144187","Samandoro","samandoro","samandoro","samandoro Boda"
"540"," Unknown 20","17.518611,4.318194","Lobaye","CF12","Boda","CF123","Lobaye","CF1232","333.472522","Unknown20","unknown20","unknown20","unknown20 Boda"
"541"," Bekagbassem","17.1223199999999,4.99837","Lobaye","CF12","Boganangone","CF124","Boganangone","CF1241","365.485368","Bekagbassem","bekagbassem","bekagbassem","bekagbassem Boganangone"
"542"," Belou 2","18.0808539999999,3.792038","Lobaye","CF12","Mbaiki","CF121","Mbata","CF1212","422.811693","Belou2","belou2","belou2","belou2 Mbaiki"
"543"," Boumou","18.2731579999999,4.262177","Lobaye","CF12","Mbaiki","CF121","Pissa","CF1213","548.510078","Boumou","boumou","boumou","boumou Mbaiki"
"546"," Degbe-Maina","16.014899,4.966469","Mambéré-Kadéi","CF21","Carnot","CF213","Carnot","CF2131","274.559295","Degbe-Maina","degbe-maina","degbe-maina","degbe-maina Carnot"
"551"," Madigui","22.84198,5.681352","Mbomou","CF62","Bakouma","CF625","Bakouma","CF6251","806.519111","Madigui","madigui","madigui","madigui Bakouma"
"552"," Bozou","19.865676,6.824671","Nana-Gribizi","CF42","Mbres","CF422","Mbrés","CF4221","324.291342","Bozou","bozou","bozou","bozou Mbres"
"554"," Sebokele 3","18.382694,4.1794","Ombella M'Poko","CF11","Bimbo","CF111","Bimbo","CF1111","384.479636","Sebokele3","sebokele3","sebokele3","sebokele3 Bimbo"
"555"," Didango","18.0046,4.714381","Ombella M'Poko","CF11","Boali","CF114","Boali","CF1141","262.070062","Didango","didango","didango","didango Boali"
"556"," Bogbaloko","17.696224,5.23129","Ombella M'Poko","CF11","Bossembele","CF115","Bossembélé","CF1151","444.758499","Bogbaloko","bogbaloko","bogbaloko","bogbaloko Bossembele"
"557"," Bondio 2","17.626652,5.439089","Ombella M'Poko","CF11","Bossembele","CF115","Bossembélé","CF1151","324.146025","Bondio2","bondio2","bondio2","bondio2 Bossembele"
"558"," Bossogbien 1","17.610596,5.647876","Ombella M'Poko","CF11","Bossembele","CF115","Bossembélé","CF1151","346.760864","Bossogbien1","bossogbien1","bossogbien1","bossogbien1 Bossembele"
"559"," Bongbara","16.988772,5.381371","Ombella M'Poko","CF11","Yaloke","CF116","Guézéli","CF1162","524.942781","Bongbara","bongbara","bongbara","bongbara Yaloke"
"560"," Mindoukota","20.007204,5.753002","Ouaka","CF43","Grimari","CF433","Grimari","CF4331","250.02722","Mindoukota","mindoukota","mindoukota","mindoukota Grimari"
"561"," Domo","21.1471139999999,6.155616","Ouaka","CF43","Ippy","CF435","Baidou-Ngoumbourou","CF4353","331.808263","Domo","domo","domo","domo Ippy"
"563"," Bodigui","17.2088539999999,6.458617","Ouham","CF32","Bossangoa","CF321","Ouham Bac","CF3215","318.993503","Bodigui","bodigui","bodigui","bodigui Bossangoa"
"564"," Koya","15.7284869999999,6.878783","Ouham Pendé","CF31","Bocaranga","CF312","Péndé","CF3123","280.970222","Koya","koya","koya","koya Bocaranga"
"565","NZAPA A HON YORO","15.6589329999999,6.939271","Ouham Pendé","CF31","Bocaranga","CF312","Bocaranga","CF3121","167.18758","NZAPAAHONYORO","nzapaahonyoro","nzapaahonyoro","nzapaahonyoro Bocaranga"
"566","GBANDENGUE","16.381675,6.233071","Ouham Pendé","CF31","Bossemtele","CF316","Binon","CF3161","173.505874","GBANDENGUE","gbandengue","gbandengue","gbandengue Bossemtele"
"567"," Hay","16.234044,6.323566","Ouham Pendé","CF31","Bozoum","CF311","Danayéré","CF3115","258.45444","Hay","hay","hay","hay Bozoum"
"568"," Unknown 58","16.4093009999999,6.370958","Ouham Pendé","CF31","Bozoum","CF311","Dan-Gbabiri","CF3112","663.414063","Unknown58","unknown58","unknown58","unknown58 Bozoum"
"569","MID-MISSION","16.3715009999999,6.317324","Ouham Pendé","CF31","Bozoum","CF311","Bozoum","CF3111","585","MID-MISSION","mid-mission","mid-mission","mid-mission Bozoum"
"570","TABALE","16.383807,6.307287","Ouham Pendé","CF31","Bozoum","CF311","Bozoum","CF3111","57.350587","TABALE","tabale","tabale","tabale Bozoum"
"571","ZAZA","16.3841949999999,6.313351","Ouham Pendé","CF31","Bozoum","CF311","Bozoum","CF3111","163","ZAZA","zaza","zaza","zaza Bozoum"
"572"," Arabe","17.4402019999999,6.078201","Ouham","CF32","Bossangoa","CF321","Koro-M'poko","CF3213","801.341188","Arabe","arabe","arabe","arabe Bossangoa"
"573"," Bedobo","16.9585919999999,6.844022","Ouham","CF32","Bossangoa","CF321","Ndoro Mboli","CF3216","1029.776342","Bedobo","bedobo","bedobo","bedobo Bossangoa"
"575"," Gbehinni","16.7978659999999,6.717327","Ouham","CF32","Bossangoa","CF321","Ndoro Mboli","CF3216","1106.07748","Gbehinni","gbehinni","gbehinni","gbehinni Bossangoa"
"576"," Gbele Kota","17.4423379999999,6.18976","Ouham","CF32","Bossangoa","CF321","Koro-M'poko","CF3213","301.256086","GbeleKota","gbelekota","gbelekota","gbelekota Bossangoa"
"577"," Gpt Gbakora","17.589022,6.853605","Ouham","CF32","Bossangoa","CF321","Ben Zambé","CF3214","1023.394116","GptGbakora","gptgbakora","gptgbakora","gptgbakora Bossangoa"
"422"," Beya","18.479614,6.509642","Ouham","CF32","Bouca","CF325","Bouca Bobo","CF3251","543.7840879","Beya","beya","beya","beya Bouca"
"4601"," Birao","22.793377,10.273031","Vakaga","CF53","Birao","CF531","Ridina","CF5311","1461.574813","Birao","birao","birao","birao Birao"
"1848"," Tagnagna","22.469703,10.263588","Vakaga","CF53","Birao","CF531","Ridina","CF5311","256.9498253","Tagnagna","tagnagna","tagnagna","tagnagna Birao"
"1599"," Mobaye","21.17619,4.3204","Basse-Kotto","CF61","Mobaye","CF611","Mobaye","CF6111","9170.921098","Mobaye","mobaye","mobaye","mobaye Mobaye"
"1302"," Kaga-Bandoro","19.191543,6.990379","Nana-Gribizi","CF42","Kaga-Bandoro","CF421","Kaga-Bandoro","CF4211","15288.09035","Kaga-Bandoro","kaga-bandoro","kaga-bandoro","kaga-bandoro Kaga-Bandoro"
"2368","POPULAIRE 1","15.4461705,6.9365351","Ouham PendÃ©","CF31","Koui","CF313","Koui","CF3131","1210","POPULAIRE1","populaire1","populaire1","populaire1 Koui"
"736"," Bondo","22.728686,4.742001","Mbomou","CF62","Bangassou","CF621","Sayo Niakari","CF6212","1165.606379","Bondo","bondo","bondo","bondo Bangassou"
"1798"," RafaÂ´","23.928373,4.970849","Mbomou","CF62","Rafai","CF624","Rafai","CF6241","4670.879503","RafaÂ´","rafaâ´","rafai","rafai Rafai"
"2961"," BÃne","15.773304,7.272177","Ouham PendÃ©","CF31","Ngaoundaye","CF315","Dilouki","CF3151","5787.462177","BÃne","bãne","bene","bene Ngaoundaye"
"1589"," MbrÃs","19.799937,6.667027","Nana-Gribizi","CF42","MbrÃ¨s","CF422","MbrÃ©s","CF4221","6189.734745","MbrÃs","mbrãs","mbres","mbres Mbres"
"1459"," La Bamba","19.148594,5.352076","KÃ©mo","CF41","Ndjoukou","CF414","Galafondo","CF4141","701.8116238","LaBamba","labamba","labamba","labamba Ndjoukou"
"1337"," Kassia","19.169922,5.232269","KÃ©mo","CF41","Ndjoukou","CF414","Galafondo","CF4141","572.7428194","Kassia","kassia","kassia","kassia Ndjoukou"
"1113"," Gbading","15.241263,5.403474","Nana-MambÃ©rÃ©","CF22","Abba","CF224","Abba","CF2241","953.4545094","Gbading","gbading","gbading","gbading Abba"
"905"," Camp-Coupeurs","20.713128,5.318977","Ouaka","CF43","Kouango","CF434","Cochio-Toulou","CF4343","307.9284201","Camp-Coupeurs","camp-coupeurs","camp-coupeurs","camp-coupeurs Kouango"
"584"," Bogaza","17.137822,7.024826","Ouham","CF32","Nangha Boguila","CF324","Nangha Boguila","CF3241","737.96901","Bogaza","bogaza","bogaza","bogaza Nangha-Boguila"
"1121"," Gbago","18.64224,4.794346","Ombella M'Poko","CF11","Damara","CF112","Damara","CF1121","2089.319901","Gbago","gbago","gbago","gbago Damara"
"1718"," Ngoubi","21.85379,6.526124","Haute-Kotto","CF52","Bria","CF521","Samba-Boungou","CF5211","1014.268209","Ngoubi","ngoubi","ngoubi","ngoubi Bria"
"631"," Ayerokpo","22.007214,6.600572","Haute-Kotto","CF52","Bria","CF521","Samba-Boungou","CF5211","1210.782674","Ayerokpo","ayerokpo","ayerokpo","ayerokpo Bria"
"1421"," Balanga","22.142564,6.520598","Haute-Kotto","CF52","Bria","CF521","Daba Nydou","CF5212","391.5674152","Balanga","balanga","balanga","balanga Bria"
"1471"," Lego","22.868906,5.680234","Mbomou","CF62","Bakouma","CF625","Bakouma","CF6251","565.6835434","Lego","lego","lego","lego Bakouma"
"4731"," Boali","18.001717,4.87725","Ombella M'Poko","CF11","Boali","CF114","Boali","CF1141","5252.795584","Boali","boali","boali","boali Boali"
"1781"," Pate","15.906039,5.599073","Nana-MambÃ©rÃ©","CF22","Baoro","CF222","Yoro-Samba Bougoulou","CF2222","380.7705592","Pate","pate","pate","pate Baoro"
"751"," Bongombe","18.125926,4.045127","Lobaye","CF12","MbaÃ¯ki","CF121","Pissa","CF1213","869.5891474","Bongombe","bongombe","bongombe","bongombe Mbaiki"
"1787"," Pissa","18.20238,4.052978","Lobaye","CF12","MbaÃ¯ki","CF121","Pissa","CF1213","5418.209303","Pissa","pissa","pissa","pissa Mbaiki"
"1191"," Gbouma","20.97865,4.44742","Basse-Kotto","CF61","Zangba","CF615","OuambÃ©","CF6151","1544.581033","Gbouma","gbouma","gbouma","gbouma Zangba"
"1164"," Gbazara","18.436268,7.459128","Ouham","CF32","Batangafo","CF326","Ouassi","CF3264","1384.915555","Gbazara","gbazara","gbazara","gbazara Batangafo"
"2771"," Batangafo","18.285135,7.300987","Ouham","CF32","Batangafo","CF326","Batangafo","CF3261","18498.50665","Batangafo","batangafo","batangafo","batangafo Batangafo"
"808"," Botongo","18.378562,7.323491","Ouham","CF32","Batangafo","CF326","Ouassi","CF3264","432.786111","Botongo","botongo","botongo","botongo Batangafo"
"587"," Bogbafio","18.348344,7.096869","Ouham","CF32","Batangafo","CF326","Ouassi","CF3264","442.4035802","Bogbafio","bogbafio","bogbafio","bogbafio Batangafo"
"686"," Bolhom 1","18.322452,7.209886","Ouham","CF32","Batangafo","CF326","Ouassi","CF3264","490.4909258","Bolhom1","bolhom1","bolhom1","bolhom1 Batangafo"
"1110"," GbadÃnÃ","18.34409,7.152597","Ouham","CF32","Batangafo","CF326","Ouassi","CF3264","375.0812962","GbadÃnÃ","gbadãnã","gbadene","gbadene Batangafo"
"1067"," Gaga","16.98192,5.491056","Ombella M'Poko","CF11","YalokÃ©","CF116","GuÃ©zÃ©li","CF1162","2937.724207","Gaga","gaga","gaga","gaga Yaloke"
"1707"," Ngogbara","15.823781,4.896845","MambÃ©rÃ©-KadÃ©Ã¯","CF21","Carnot","CF213","Carnot","CF2131","558.2705662","Ngogbara","ngogbara","ngogbara","ngogbara Carnot"
"1084"," Ganli","15.795254,4.854045","MambÃ©rÃ©-KadÃ©Ã¯","CF21","Carnot","CF213","Carnot","CF2131","503.3587072","Ganli","ganli","ganli","ganli Carnot"
"4241"," Beyele","15.813334,4.727885","MambÃ©rÃ©-KadÃ©Ã¯","CF21","Carnot","CF213","Carnot","CF2131","411.8389423","Beyele","beyele","beyele","beyele Carnot"
"1251"," Bakala","16.867952,5.193678","MambÃ©rÃ©-KadÃ©Ã¯","CF21","Gadzi","CF217","Mbali","CF2172","310.5363819","Bakala","bakala","bakala","bakala Gadzi"
"1066"," Gadzi","16.704898,4.779685","MambÃ©rÃ©-KadÃ©Ã¯","CF21","Gadzi","CF217","Topia","CF2171","2245.925176","Gadzi","gadzi","gadzi","gadzi Gadzi"
"1274"," Guen","16.618011,4.791853","MambÃ©rÃ©-KadÃ©Ã¯","CF21","Gadzi","CF217","Topia","CF2171","9738.796239","Guen","guen","guen","guen Gadzi"
"1666"," Ndinguiri","16.336991,4.886027","MambÃ©rÃ©-KadÃ©Ã¯","CF21","Gadzi","CF217","Topia","CF2171","6311.824202","Ndinguiri","ndinguiri","ndinguiri","ndinguiri Gadzi"
"1622"," Moussa-Ngoe","15.245855,4.207054","MambÃ©rÃ©-KadÃ©Ã¯","CF21","Gamboula","CF212","Basse-BoumnÃ©","CF2121","263.6193866","Moussa-Ngoe","moussa-ngoe","moussa-ngoe","moussa-ngoe Gamboula"
"1029"," Doubanga","15.320423,4.242341","MambÃ©rÃ©-KadÃ©Ã¯","CF21","Gamboula","CF212","Basse-BoumnÃ©","CF2121","501.3937353","Doubanga","doubanga","doubanga","doubanga Gamboula"
"1627"," Nabimon","15.270685,4.215249","MambÃ©rÃ©-KadÃ©Ã¯","CF21","Gamboula","CF212","Basse-BoumnÃ©","CF2121","403.1825913","Nabimon","nabimon","nabimon","nabimon Gamboula"
"1997"," Yawa","17.09362,4.351706","Lobaye","CF12","Boganda","CF125","Boganda","CF1251","3297.307529","Yawa","yawa","yawa","yawa Boganda"
"883"," Boyo","17.317474,4.389415","Lobaye","CF12","Boganda","CF125","Boganda","CF1251","344.9311068","Boyo","boyo","boyo","boyo Boganda"
"439"," Bidou 1","21.693528,4.466937","Basse-Kotto","CF61","KembÃ©","CF613","Mboui","CF6132","2834.383313","Bidou1","bidou1","bidou1","bidou1 Kembe"
"1221"," Gouala","21.715856,4.540071","Basse-Kotto","CF61","KembÃ©","CF613","Mboui","CF6132","444.9677029","Gouala","gouala","gouala","gouala Kembe"
"852"," Boungba 1","21.686666,4.372766","Basse-Kotto","CF61","SatÃ©ma","CF616","Kotto-Oubangui","CF6161","366.8175365","Boungba1","boungba1","boungba1","boungba1 Satema"
"964"," Deou","21.78275,4.333059","Basse-Kotto","CF61","SatÃ©ma","CF616","Kotto-Oubangui","CF6161","499.7011752","Deou","deou","deou","deou Satema"
"1346"," Keli 1","17.633552,4.199979","Lobaye","CF12","Boda","CF123","Lobaye","CF1232","2684.047129","Keli1","keli1","keli1","keli1 Boda"
"5211","Haoussa2","","Bamingui_Bangoran","","Ndele","","Dar_El_Kouti","","","Haoussa2","haoussa2","haoussa2","Haoussa2"
"5221","Ngadja","","Bamingui_Bangoran","","Ndele","","Dar_El_Kouti","","","Ngadja","ngadja","ngadja","Ngadja"
"523","pk6Babanon","","Ouham","","Bouca","","Fafa_Boungou","","","pk6Babanon","pk6babanon","pk6babanon","pk6Babanon"
"524","Ngakobo","","Ouaka","","Bambari","","Cochio_Toulou","","","Ngakobo","ngakobo","ngakobo","Ngakobo"
"525","MboryangaOUPate-MamadouOUKassa-Zoya","","Nana_Mambere","","Bouar","","Bouar","","","MboryangaOUPate-MamadouOUKassa-Zoya","mboryangaoupate-mamadououkassa-zoya","mboryangaoupate-mamadououkassa-zoya","MboryangaOUPate-MamadouOUKassa-Zoya"
"5261","GOBONGO2","","Nana_Gribizi","","Kaga-Bandoro","","Kaga_Bandoro","","","GOBONGO2","gobongo2","gobongo2","GOBONGO2"
"5271","BAIPO1","","Nana_Gribizi","","Kaga-Bandoro","","Kaga_Bandoro","","","BAIPO1","baipo1","baipo1","BAIPO1"
"528","BAKOUTE","","Nana_Gribizi","","Kaga-Bandoro","","Kaga_Bandoro","","","BAKOUTE","bakoute","bakoute","BAKOUTE"
"5291","Ganama","","Nana_Gribizi","","Kaga-Bandoro","","Kaga_Bandoro","","","Ganama","ganama","ganama","Ganama"
"5301","YANENDJI","","Nana_Gribizi","","Kaga-Bandoro","","Kaga_Bandoro","","","YANENDJI","yanendji","yanendji","YANENDJI"
"5311","TYPOYEUR","","Nana_Gribizi","","Kaga-Bandoro","","Kaga_Bandoro","","","TYPOYEUR","typoyeur","typoyeur","TYPOYEUR"
"5321","Bakala-Koupi","","Ouaka","","Bakala","","Koudou_Bego","","","Bakala-Koupi","bakala-koupi","bakala-koupi","Bakala-Koupi"
"5331","Banguéla","","Ouaka","","Bakala","","Koudou_Bego","","","Banguéla","banguéla","banguela","Banguéla"
"5341","Panenga","","Ouaka","","Ippy","","Yengou","","","Panenga","panenga","panenga","Panenga"
"5351","Ndiba1","","Nana_Gribizi","","Mbres","","Mbres","","","Ndiba1","ndiba1","ndiba1","Ndiba1"
"536","pk2Kpabe","","Kemo","","Ndjoukou","","Galafondo","","","pk2Kpabe","pk2kpabe","pk2kpabe","pk2Kpabe"
"537","Unknown39(Bondjoukombo)","","Nana_Mambere","","Abba","","Abba","","","Unknown39(Bondjoukombo)","unknown39(bondjoukombo)","unknown39(bondjoukombo)","Unknown39(Bondjoukombo)"
"5381","Ngonikira","","Ouham","","Kabo","","Ouaki","","","Ngonikira","ngonikira","ngonikira","Ngonikira"
"5391","Goya","","Ouaka","","Kouango","","Kouango","","","Goya","goya","goya","Goya"
"5401","Lindao","","Ouaka","","Kouango","","Kouango","","","Lindao","lindao","lindao","Lindao"
"5411","Boungu","","Haute_Kotto","","Bria","","Samba_Boungou","","","Boungu","boungu","boungu","Boungu"
"5421","siteBAKOUMA","","Mbomou","","Bakouma","","Bakouma","","","siteBAKOUMA","sitebakouma","sitebakouma","siteBAKOUMA"
"5431","Balinguini","","Mbomou","","Bakouma","","Bakouma","","","Balinguini","balinguini","balinguini","Balinguini"
"544","YAMBALLA","","Bamingui_Bangoran","","Bamingui","","Vassako","","","YAMBALLA","yamballa","yamballa","YAMBALLA"
"545","Dujardin","","Lobaye","","Mbaiki","","Mbata","","","Dujardin","dujardin","dujardin","Dujardin"
"5461",NA,"",NA,"",NA,"",NA,"","",NA,NA,NA,NA
"547","Bambio","","Sangha_Mbaere","","Bambio","","Mbaere","","","Bambio","bambio","bambio","Bambio"
"548","Satema","","Basse_Kotto","","Kembe","","Kembe","","","Satema","satema","satema","Satema"
"549","Batilimo","","Lobaye","","Mongoumba","","Mongoumba","","","Batilimo","batilimo","batilimo","Batilimo"
