vars,repeat_var,disaggregation,rank_1,rank_2,rank_3,percent_1,percent_2,percent_3
educ_5_ecole_acces_1 educ_5_ecole_acces_2 educ_5_ecole_acces_3,Bamingui_Bangoran,retourne,financier,autre,logistique,22.8%,17.5%,17.5%
educ_5_ecole_acces_1 educ_5_ecole_acces_2 educ_5_ecole_acces_3,Bamingui_Bangoran,hote,aucune,financier,logistique,20.6%,18.0%,11.6%
educ_5_ecole_acces_1 educ_5_ecole_acces_2 educ_5_ecole_acces_3,Bamingui_Bangoran,IDP_site,financier,logistique,autre,18.2%,16.6%,15.8%
educ_5_ecole_acces_1 educ_5_ecole_acces_2 educ_5_ecole_acces_3,Bamingui_Bangoran,IDP_FA,financier,logistique,non_fonct,29.8%,15.5%,15.3%
educ_5_ecole_acces_1 educ_5_ecole_acces_2 educ_5_ecole_acces_3,Ouham,hote,financier,acces_dangereux,logistique,31.9%,11.3%,9.74%
educ_5_ecole_acces_1 educ_5_ecole_acces_2 educ_5_ecole_acces_3,Ouham,IDP_site,financier,aucune,manque_interet,25.4%,14.4%,10.3%
educ_5_ecole_acces_1 educ_5_ecole_acces_2 educ_5_ecole_acces_3,Ouham,IDP_FA,financier,logistique,non_fonct,36.3%,17.0%,7.51%
educ_5_ecole_acces_1 educ_5_ecole_acces_2 educ_5_ecole_acces_3,Ouham,retourne,aucune,financier,acces_dangereux,19.6%,16.5%,15.8%
educ_5_ecole_acces_1 educ_5_ecole_acces_2 educ_5_ecole_acces_3,Basse_Kotto,IDP_site,financier,acces_dangereux,aucune,20.3%,13.9%,13.6%
educ_5_ecole_acces_1 educ_5_ecole_acces_2 educ_5_ecole_acces_3,Basse_Kotto,IDP_FA,financier,acces_dangereux,logistique,25.7%,15.8%,12.9%
educ_5_ecole_acces_1 educ_5_ecole_acces_2 educ_5_ecole_acces_3,Basse_Kotto,hote,financier,acces_dangereux,non_fonct,19.9%,12.5%,11.6%
educ_5_ecole_acces_1 educ_5_ecole_acces_2 educ_5_ecole_acces_3,Basse_Kotto,retourne,financier,logistique,aucune,39.7%,15.1%,10.5%
educ_5_ecole_acces_1 educ_5_ecole_acces_2 educ_5_ecole_acces_3,Vakaga,hote,financier,manque_staff,logistique,33.2%,14.3%,9.58%
educ_5_ecole_acces_1 educ_5_ecole_acces_2 educ_5_ecole_acces_3,Vakaga,IDP_FA,financier,acces_dangereux,manque_staff,28.5%,11.9%,10.4%
educ_5_ecole_acces_1 educ_5_ecole_acces_2 educ_5_ecole_acces_3,Bangui,hote,aucune,financier,acces_dangereux,26.8%,21.7%,9.37%
educ_5_ecole_acces_1 educ_5_ecole_acces_2 educ_5_ecole_acces_3,Bangui,retourne,financier,aucune,logistique,34.3%,15.2%,9.75%
educ_5_ecole_acces_1 educ_5_ecole_acces_2 educ_5_ecole_acces_3,Bangui,IDP_FA,financier,aucune,logistique,29.9%,15.3%,10.0%
educ_5_ecole_acces_1 educ_5_ecole_acces_2 educ_5_ecole_acces_3,Bangui,rapatrie,autre,financier,logistique,30.8%,30.8%,23.1%
educ_5_ecole_acces_1 educ_5_ecole_acces_2 educ_5_ecole_acces_3,Ouaka,IDP_site,financier,logistique,aucune,25.9%,15.5%,12.2%
educ_5_ecole_acces_1 educ_5_ecole_acces_2 educ_5_ecole_acces_3,Ouaka,IDP_FA,financier,logistique,acces_dangereux,32.0%,15.9%,8.99%
educ_5_ecole_acces_1 educ_5_ecole_acces_2 educ_5_ecole_acces_3,Ouaka,hote,financier,acces_dangereux,logistique,27.4%,13.5%,10.2%
educ_5_ecole_acces_1 educ_5_ecole_acces_2 educ_5_ecole_acces_3,Ouaka,retourne,financier,logistique,aucune,29.1%,15.0%,14.5%
educ_5_ecole_acces_1 educ_5_ecole_acces_2 educ_5_ecole_acces_3,Nana_Mambere,hote,financier,aucune,acces_impossible,17.7%,16.1%,9.51%
educ_5_ecole_acces_1 educ_5_ecole_acces_2 educ_5_ecole_acces_3,Nana_Mambere,IDP_FA,financier,manque_interet,aucune,19.9%,15.6%,9.73%
educ_5_ecole_acces_1 educ_5_ecole_acces_2 educ_5_ecole_acces_3,Nana_Mambere,retourne,financier,manque_interet,aucune,18.1%,14.1%,12.2%
educ_5_ecole_acces_1 educ_5_ecole_acces_2 educ_5_ecole_acces_3,Ouham_Pende,hote,financier,logistique,acces_dangereux,31.5%,15.0%,8.80%
educ_5_ecole_acces_1 educ_5_ecole_acces_2 educ_5_ecole_acces_3,Ouham_Pende,IDP_FA,financier,acces_dangereux,logistique,34.4%,11.5%,10.1%
educ_5_ecole_acces_1 educ_5_ecole_acces_2 educ_5_ecole_acces_3,Ouham_Pende,retourne,financier,acces_dangereux,logistique,28.2%,11.5%,11.4%
educ_5_ecole_acces_1 educ_5_ecole_acces_2 educ_5_ecole_acces_3,Ouham_Pende,rapatrie,financier,acces_impossible,aucune,37.2%,19.2%,14.1%
educ_5_ecole_acces_1 educ_5_ecole_acces_2 educ_5_ecole_acces_3,Nana_Gribizi,IDP_site,financier,aucune,logistique,19.7%,16.5%,15.6%
educ_5_ecole_acces_1 educ_5_ecole_acces_2 educ_5_ecole_acces_3,Nana_Gribizi,hote,financier,acces_dangereux,logistique,23.9%,14.3%,10.8%
educ_5_ecole_acces_1 educ_5_ecole_acces_2 educ_5_ecole_acces_3,Nana_Gribizi,IDP_FA,financier,acces_dangereux,logistique,30.5%,16.4%,13.2%
educ_5_ecole_acces_1 educ_5_ecole_acces_2 educ_5_ecole_acces_3,Nana_Gribizi,retourne,financier,logistique,non_fonct,25.3%,12.7%,12.3%
educ_5_ecole_acces_1 educ_5_ecole_acces_2 educ_5_ecole_acces_3,Mbomou,hote,financier,non_fonct,logistique,21.2%,12.7%,11.2%
educ_5_ecole_acces_1 educ_5_ecole_acces_2 educ_5_ecole_acces_3,Mbomou,retourne,financier,logistique,aucune,24.4%,15.4%,11.9%
educ_5_ecole_acces_1 educ_5_ecole_acces_2 educ_5_ecole_acces_3,Mbomou,IDP_site,financier,non_fonct,aucune,26.4%,14.5%,11.9%
educ_5_ecole_acces_1 educ_5_ecole_acces_2 educ_5_ecole_acces_3,Mbomou,IDP_FA,financier,aucune,logistique,27.4%,14.3%,13.0%
educ_5_ecole_acces_1 educ_5_ecole_acces_2 educ_5_ecole_acces_3,Mambere_Kadei,IDP_FA,financier,aucune,manque_staff,23.7%,21.9%,14.8%
educ_5_ecole_acces_1 educ_5_ecole_acces_2 educ_5_ecole_acces_3,Mambere_Kadei,hote,financier,aucune,manque_staff,23.8%,14.7%,12.6%
educ_5_ecole_acces_1 educ_5_ecole_acces_2 educ_5_ecole_acces_3,Ombella_MPoko,IDP_FA,financier,logistique,autre,22.3%,14.4%,11.6%
educ_5_ecole_acces_1 educ_5_ecole_acces_2 educ_5_ecole_acces_3,Ombella_MPoko,hote,financier,acces_impossible,manque_staff,25.4%,12.8%,11.3%
educ_5_ecole_acces_1 educ_5_ecole_acces_2 educ_5_ecole_acces_3,Kemo,hote,financier,manque_staff,aucune,23.1%,13.4%,10.3%
educ_5_ecole_acces_1 educ_5_ecole_acces_2 educ_5_ecole_acces_3,Kemo,IDP_FA,financier,aucune,logistique,21.8%,11.8%,10.5%
educ_5_ecole_acces_1 educ_5_ecole_acces_2 educ_5_ecole_acces_3,Haut_Mbomou,IDP_site,financier,logistique,non_fonct,28.8%,19.0%,13.8%
educ_5_ecole_acces_1 educ_5_ecole_acces_2 educ_5_ecole_acces_3,Haut_Mbomou,IDP_FA,financier,non_fonct,logistique,20.2%,17.1%,15.2%
educ_5_ecole_acces_1 educ_5_ecole_acces_2 educ_5_ecole_acces_3,Haut_Mbomou,hote,financier,logistique,acces_dangereux,27.6%,14.0%,11.3%
educ_5_ecole_acces_1 educ_5_ecole_acces_2 educ_5_ecole_acces_3,Haute_Kotto,IDP_FA,financier,logistique,aucune,21.7%,16.4%,15.6%
educ_5_ecole_acces_1 educ_5_ecole_acces_2 educ_5_ecole_acces_3,Haute_Kotto,hote,financier,aucune,logistique,20.4%,15.9%,11.2%
educ_5_ecole_acces_1 educ_5_ecole_acces_2 educ_5_ecole_acces_3,Haute_Kotto,retourne,financier,logistique,aucune,27.9%,14.4%,14.0%
educ_5_ecole_acces_1 educ_5_ecole_acces_2 educ_5_ecole_acces_3,Haute_Kotto,IDP_site,financier,acces_dangereux,logistique,26.8%,16.2%,15.5%
educ_5_ecole_acces_1 educ_5_ecole_acces_2 educ_5_ecole_acces_3,Lobaye,IDP_FA,financier,aucune,logistique,24.2%,12.9%,10.2%
educ_5_ecole_acces_1 educ_5_ecole_acces_2 educ_5_ecole_acces_3,Lobaye,hote,financier,manque_staff,aucune,26.2%,11.0%,9.94%
educ_5_ecole_acces_1 educ_5_ecole_acces_2 educ_5_ecole_acces_3,Haut_Mbomou,retourne,non_fonct,financier,acces_dangereux,26.1%,16.3%,15.4%
educ_5_ecole_acces_1 educ_5_ecole_acces_2 educ_5_ecole_acces_3,Haut_Mbomou,rapatrie,"NA",NA,NA,,NA,NA
educ_5_ecole_acces_1 educ_5_ecole_acces_2 educ_5_ecole_acces_3,Mambere_Kadei,retourne,financier,manque_interet,logistique,28.6%,12.3%,10.8%
educ_5_ecole_acces_1 educ_5_ecole_acces_2 educ_5_ecole_acces_3,Mambere_Kadei,rapatrie,financier,autre,acces_dangereux,26.6%,13.3%,11.3%
educ_5_ecole_acces_1 educ_5_ecole_acces_2 educ_5_ecole_acces_3,Sangha_Mbaere,hote,financier,aucune,manque_interet,21.8%,19.4%,9.99%
educ_5_ecole_acces_1 educ_5_ecole_acces_2 educ_5_ecole_acces_3,Sangha_Mbaere,IDP_FA,aucune,financier,manque_staff,24.7%,19.5%,12.4%
wash_22_wash_reponse_1 wash_22_wash_reponse_2 wash_22_wash_reponse_3,Bamingui_Bangoran,retourne,cash_recipient_eau,cash_infra,cash_hygiene,24.8%,20.3%,16.5%
wash_22_wash_reponse_1 wash_22_wash_reponse_2 wash_22_wash_reponse_3,Bamingui_Bangoran,hote,cash_recipient_eau,cash_hygiene,cash_infra,26.7%,24.1%,19.5%
wash_22_wash_reponse_1 wash_22_wash_reponse_2 wash_22_wash_reponse_3,Bamingui_Bangoran,IDP_site,cash_infra,prov_infra_eau,cash_recipient_eau,26.2%,20.9%,15.5%
wash_22_wash_reponse_1 wash_22_wash_reponse_2 wash_22_wash_reponse_3,Bamingui_Bangoran,IDP_FA,cash_recipient_eau,cash_hygiene,cash_infra,24.9%,24.9%,22.8%
wash_22_wash_reponse_1 wash_22_wash_reponse_2 wash_22_wash_reponse_3,Ouham,hote,cash_recipient_eau,cash_infra,cash_hygiene,22.7%,18.6%,18.0%
wash_22_wash_reponse_1 wash_22_wash_reponse_2 wash_22_wash_reponse_3,Ouham,IDP_site,cash_recipient_eau,cash_hygiene,prov_recipient,26.5%,16.5%,15.8%
wash_22_wash_reponse_1 wash_22_wash_reponse_2 wash_22_wash_reponse_3,Ouham,IDP_FA,cash_recipient_eau,cash_infra,cash_hygiene,24.1%,21.2%,20.4%
wash_22_wash_reponse_1 wash_22_wash_reponse_2 wash_22_wash_reponse_3,Ouham,retourne,cash_recipient_eau,cash_hygiene,cash_infra,29.5%,22.7%,16.4%
wash_22_wash_reponse_1 wash_22_wash_reponse_2 wash_22_wash_reponse_3,Basse_Kotto,IDP_site,cash_hygiene,cash_recipient_eau,prov_recipient,22.0%,21.9%,18.8%
wash_22_wash_reponse_1 wash_22_wash_reponse_2 wash_22_wash_reponse_3,Basse_Kotto,IDP_FA,prov_recipient,cash_recipient_eau,cash_hygiene,22.6%,20.9%,15.4%
wash_22_wash_reponse_1 wash_22_wash_reponse_2 wash_22_wash_reponse_3,Basse_Kotto,hote,prov_recipient,cash_recipient_eau,prov_infra_eau,22.6%,18.5%,15.1%
wash_22_wash_reponse_1 wash_22_wash_reponse_2 wash_22_wash_reponse_3,Basse_Kotto,retourne,prov_recipient,cash_recipient_eau,cash_hygiene,22.2%,18.7%,17.5%
wash_22_wash_reponse_1 wash_22_wash_reponse_2 wash_22_wash_reponse_3,Vakaga,hote,cash_infra,prov_infra_eau,prov_recipient,25.0%,16.2%,13.7%
wash_22_wash_reponse_1 wash_22_wash_reponse_2 wash_22_wash_reponse_3,Vakaga,IDP_FA,cash_infra,cash_hygiene,cash_recipient_eau,21.5%,20.2%,16.7%
wash_22_wash_reponse_1 wash_22_wash_reponse_2 wash_22_wash_reponse_3,Bangui,hote,cash_recipient_eau,cash_infra,prov_infra_eau,14.3%,14.3%,13.4%
wash_22_wash_reponse_1 wash_22_wash_reponse_2 wash_22_wash_reponse_3,Bangui,retourne,cash_recipient_eau,cash_infra,prov_recipient,21.1%,18.2%,13.0%
wash_22_wash_reponse_1 wash_22_wash_reponse_2 wash_22_wash_reponse_3,Bangui,IDP_FA,cash_recipient_eau,cash_infra,cash_hygiene,20.6%,16.3%,13.1%
wash_22_wash_reponse_1 wash_22_wash_reponse_2 wash_22_wash_reponse_3,Bangui,rapatrie,"NA",NA,NA,,NA,NA
wash_22_wash_reponse_1 wash_22_wash_reponse_2 wash_22_wash_reponse_3,Ouaka,IDP_site,cash_recipient_eau,cash_hygiene,prov_recipient,18.9%,17.7%,17.6%
wash_22_wash_reponse_1 wash_22_wash_reponse_2 wash_22_wash_reponse_3,Ouaka,IDP_FA,prov_recipient,cash_recipient_eau,cash_hygiene,21.7%,17.8%,15.7%
wash_22_wash_reponse_1 wash_22_wash_reponse_2 wash_22_wash_reponse_3,Ouaka,hote,prov_recipient,prov_infra_eau,cash_recipient_eau,20.4%,20.4%,13.8%
wash_22_wash_reponse_1 wash_22_wash_reponse_2 wash_22_wash_reponse_3,Ouaka,retourne,prov_recipient,prov_infra_eau,cash_recipient_eau,23.8%,19.1%,14.1%
wash_22_wash_reponse_1 wash_22_wash_reponse_2 wash_22_wash_reponse_3,Nana_Mambere,hote,cash_recipient_eau,cash_hygiene,cash_infra,20.3%,17.1%,15.8%
wash_22_wash_reponse_1 wash_22_wash_reponse_2 wash_22_wash_reponse_3,Nana_Mambere,IDP_FA,cash_recipient_eau,cash_infra,prov_recipient,20.1%,15.7%,14.9%
wash_22_wash_reponse_1 wash_22_wash_reponse_2 wash_22_wash_reponse_3,Nana_Mambere,retourne,cash_recipient_eau,cash_hygiene,cash_infra,23.7%,22.8%,17.6%
wash_22_wash_reponse_1 wash_22_wash_reponse_2 wash_22_wash_reponse_3,Ouham_Pende,hote,cash_recipient_eau,prov_recipient,cash_infra,20.6%,18.0%,16.1%
wash_22_wash_reponse_1 wash_22_wash_reponse_2 wash_22_wash_reponse_3,Ouham_Pende,IDP_FA,cash_recipient_eau,prov_recipient,cash_hygiene,22.1%,17.2%,14.8%
wash_22_wash_reponse_1 wash_22_wash_reponse_2 wash_22_wash_reponse_3,Ouham_Pende,retourne,cash_recipient_eau,prov_recipient,cash_hygiene,20.6%,20.0%,18.3%
wash_22_wash_reponse_1 wash_22_wash_reponse_2 wash_22_wash_reponse_3,Ouham_Pende,rapatrie,prov_recipient,prov_infra_eau,conseils_infra_sanit,25.0%,19.0%,15.5%
wash_22_wash_reponse_1 wash_22_wash_reponse_2 wash_22_wash_reponse_3,Nana_Gribizi,IDP_site,cash_recipient_eau,cash_hygiene,cash_infra,24.4%,23.0%,20.4%
wash_22_wash_reponse_1 wash_22_wash_reponse_2 wash_22_wash_reponse_3,Nana_Gribizi,hote,cash_recipient_eau,cash_infra,cash_hygiene,29.9%,23.0%,20.7%
wash_22_wash_reponse_1 wash_22_wash_reponse_2 wash_22_wash_reponse_3,Nana_Gribizi,IDP_FA,cash_recipient_eau,cash_infra,prov_recipient,28.9%,20.3%,14.9%
wash_22_wash_reponse_1 wash_22_wash_reponse_2 wash_22_wash_reponse_3,Nana_Gribizi,retourne,cash_recipient_eau,cash_hygiene,cash_infra,27.6%,27.6%,21.4%
wash_22_wash_reponse_1 wash_22_wash_reponse_2 wash_22_wash_reponse_3,Mbomou,hote,cash_recipient_eau,cash_infra,cash_hygiene,27.3%,21.5%,18.7%
wash_22_wash_reponse_1 wash_22_wash_reponse_2 wash_22_wash_reponse_3,Mbomou,retourne,cash_recipient_eau,cash_hygiene,cash_infra,33.3%,24.2%,19.9%
wash_22_wash_reponse_1 wash_22_wash_reponse_2 wash_22_wash_reponse_3,Mbomou,IDP_site,cash_recipient_eau,cash_infra,prov_recipient,29.6%,18.7%,15.2%
wash_22_wash_reponse_1 wash_22_wash_reponse_2 wash_22_wash_reponse_3,Mbomou,IDP_FA,cash_recipient_eau,cash_infra,prov_infra_eau,25.1%,15.9%,14.8%
wash_22_wash_reponse_1 wash_22_wash_reponse_2 wash_22_wash_reponse_3,Mambere_Kadei,IDP_FA,cash_recipient_eau,cash_infra,cash_hygiene,29.4%,24.4%,20.5%
wash_22_wash_reponse_1 wash_22_wash_reponse_2 wash_22_wash_reponse_3,Mambere_Kadei,hote,cash_recipient_eau,cash_infra,cash_hygiene,28.1%,21.5%,17.5%
wash_22_wash_reponse_1 wash_22_wash_reponse_2 wash_22_wash_reponse_3,Ombella_MPoko,IDP_FA,cash_recipient_eau,cash_infra,prov_recipient,20.3%,16.3%,16.0%
wash_22_wash_reponse_1 wash_22_wash_reponse_2 wash_22_wash_reponse_3,Ombella_MPoko,hote,prov_infra_eau,prov_recipient,cash_recipient_eau,19.0%,16.4%,14.3%
wash_22_wash_reponse_1 wash_22_wash_reponse_2 wash_22_wash_reponse_3,Kemo,hote,cash_recipient_eau,cash_infra,prov_recipient,17.4%,15.2%,14.2%
wash_22_wash_reponse_1 wash_22_wash_reponse_2 wash_22_wash_reponse_3,Kemo,IDP_FA,cash_recipient_eau,cash_infra,prov_recipient,19.7%,16.9%,14.8%
wash_22_wash_reponse_1 wash_22_wash_reponse_2 wash_22_wash_reponse_3,Haut_Mbomou,IDP_site,cash_infra,cash_hygiene,cash_recipient_eau,22.2%,19.1%,17.6%
wash_22_wash_reponse_1 wash_22_wash_reponse_2 wash_22_wash_reponse_3,Haut_Mbomou,IDP_FA,cash_hygiene,cash_recipient_eau,cash_infra,21.5%,18.2%,17.6%
wash_22_wash_reponse_1 wash_22_wash_reponse_2 wash_22_wash_reponse_3,Haut_Mbomou,hote,prov_infra_eau,cash_recipient_eau,cash_hygiene,16.5%,15.1%,14.4%
wash_22_wash_reponse_1 wash_22_wash_reponse_2 wash_22_wash_reponse_3,Haute_Kotto,IDP_FA,cash_hygiene,prov_recipient,cash_recipient_eau,20.9%,18.8%,13.8%
wash_22_wash_reponse_1 wash_22_wash_reponse_2 wash_22_wash_reponse_3,Haute_Kotto,hote,cash_infra,prov_infra_eau,cash_hygiene,20.5%,17.3%,16.9%
wash_22_wash_reponse_1 wash_22_wash_reponse_2 wash_22_wash_reponse_3,Haute_Kotto,retourne,cash_hygiene,cash_recipient_eau,prov_infra_eau,22.9%,20.0%,16.5%
wash_22_wash_reponse_1 wash_22_wash_reponse_2 wash_22_wash_reponse_3,Haute_Kotto,IDP_site,cash_hygiene,cash_recipient_eau,cash_infra,19.1%,17.9%,15.3%
wash_22_wash_reponse_1 wash_22_wash_reponse_2 wash_22_wash_reponse_3,Lobaye,IDP_FA,cash_infra,cash_recipient_eau,prov_infra_eau,22.8%,19.0%,14.9%
wash_22_wash_reponse_1 wash_22_wash_reponse_2 wash_22_wash_reponse_3,Lobaye,hote,cash_recipient_eau,cash_infra,prov_recipient,24.1%,18.1%,17.1%
wash_22_wash_reponse_1 wash_22_wash_reponse_2 wash_22_wash_reponse_3,Haut_Mbomou,retourne,cash_infra,cash_hygiene,cash_recipient_eau,22.2%,21.2%,19.2%
wash_22_wash_reponse_1 wash_22_wash_reponse_2 wash_22_wash_reponse_3,Haut_Mbomou,rapatrie,cash_recipient_eau,cash_hygiene,cash_infra,50.0%,33.3%,16.7%
wash_22_wash_reponse_1 wash_22_wash_reponse_2 wash_22_wash_reponse_3,Mambere_Kadei,retourne,cash_recipient_eau,cash_infra,cash_hygiene,33.5%,22.3%,16.5%
wash_22_wash_reponse_1 wash_22_wash_reponse_2 wash_22_wash_reponse_3,Mambere_Kadei,rapatrie,cash_infra,cash_hygiene,cash_recipient_eau,25.6%,19.0%,14.3%
wash_22_wash_reponse_1 wash_22_wash_reponse_2 wash_22_wash_reponse_3,Sangha_Mbaere,hote,cash_recipient_eau,cash_infra,prov_recipient,27.3%,20.1%,17.1%
wash_22_wash_reponse_1 wash_22_wash_reponse_2 wash_22_wash_reponse_3,Sangha_Mbaere,IDP_FA,cash_recipient_eau,cash_infra,prov_recipient,31.7%,24.3%,16.3%
mssc_2_source_rev_1 mssc_2_source_rev_2 mssc_2_source_rev_3,Bamingui_Bangoran,retourne,agric,petit_commerce,pche,37.9%,16.5%,14.4%
mssc_2_source_rev_1 mssc_2_source_rev_2 mssc_2_source_rev_3,Bamingui_Bangoran,hote,agric,petit_commerce,jtt_agric,36.8%,16.0%,13.2%
mssc_2_source_rev_1 mssc_2_source_rev_2 mssc_2_source_rev_3,Bamingui_Bangoran,IDP_site,agric,jtt_agric,petit_commerce,34.0%,16.7%,16.1%
mssc_2_source_rev_1 mssc_2_source_rev_2 mssc_2_source_rev_3,Bamingui_Bangoran,IDP_FA,agric,pche,jtt_agric,43.9%,14.4%,13.2%
mssc_2_source_rev_1 mssc_2_source_rev_2 mssc_2_source_rev_3,Ouham,hote,agric,petit_commerce,pche,43.8%,16.5%,13.9%
mssc_2_source_rev_1 mssc_2_source_rev_2 mssc_2_source_rev_3,Ouham,IDP_site,agric,petit_commerce,jtt_agric,24.3%,18.4%,18.3%
mssc_2_source_rev_1 mssc_2_source_rev_2 mssc_2_source_rev_3,Ouham,IDP_FA,agric,pche,jtt_agric,38.3%,17.7%,15.0%
mssc_2_source_rev_1 mssc_2_source_rev_2 mssc_2_source_rev_3,Ouham,retourne,agric,petit_commerce,jtt_agric,34.7%,23.2%,11.0%
mssc_2_source_rev_1 mssc_2_source_rev_2 mssc_2_source_rev_3,Basse_Kotto,IDP_site,petit_commerce,agric,jtt_agric,25.6%,23.1%,12.9%
mssc_2_source_rev_1 mssc_2_source_rev_2 mssc_2_source_rev_3,Basse_Kotto,IDP_FA,agric,pche,petit_commerce,34.2%,19.8%,14.8%
mssc_2_source_rev_1 mssc_2_source_rev_2 mssc_2_source_rev_3,Basse_Kotto,hote,agric,pche,petit_commerce,37.9%,17.4%,17.4%
mssc_2_source_rev_1 mssc_2_source_rev_2 mssc_2_source_rev_3,Basse_Kotto,retourne,agric,pche,petit_commerce,39.0%,16.9%,13.4%
mssc_2_source_rev_1 mssc_2_source_rev_2 mssc_2_source_rev_3,Vakaga,hote,agric,petit_commerce,jtt_non_agric,34.5%,13.1%,11.6%
mssc_2_source_rev_1 mssc_2_source_rev_2 mssc_2_source_rev_3,Vakaga,IDP_FA,agric,jtt_agric,petit_commerce,33.7%,12.7%,11.5%
mssc_2_source_rev_1 mssc_2_source_rev_2 mssc_2_source_rev_3,Bangui,hote,petit_commerce,nsp,petits_metiers,32.9%,20.4%,10.4%
mssc_2_source_rev_1 mssc_2_source_rev_2 mssc_2_source_rev_3,Bangui,retourne,petit_commerce,nsp,petits_metiers,39.5%,17.8%,10.4%
mssc_2_source_rev_1 mssc_2_source_rev_2 mssc_2_source_rev_3,Bangui,IDP_FA,petit_commerce,nsp,petits_metiers,35.9%,22.6%,10.6%
mssc_2_source_rev_1 mssc_2_source_rev_2 mssc_2_source_rev_3,Bangui,rapatrie,jtt_non_agric,petit_commerce,NA,66.7%,33.3%,NA
mssc_2_source_rev_1 mssc_2_source_rev_2 mssc_2_source_rev_3,Ouaka,IDP_site,petit_commerce,agric,jtt_non_agric,27.6%,20.3%,10.1%
mssc_2_source_rev_1 mssc_2_source_rev_2 mssc_2_source_rev_3,Ouaka,IDP_FA,petit_commerce,agric,jtt_agric,24.2%,20.7%,11.4%
mssc_2_source_rev_1 mssc_2_source_rev_2 mssc_2_source_rev_3,Ouaka,hote,agric,petit_commerce,pche,41.0%,16.8%,15.0%
mssc_2_source_rev_1 mssc_2_source_rev_2 mssc_2_source_rev_3,Ouaka,retourne,agric,petit_commerce,pche,35.4%,23.5%,12.8%
mssc_2_source_rev_1 mssc_2_source_rev_2 mssc_2_source_rev_3,Nana_Mambere,hote,agric,petit_commerce,jtt_agric,39.6%,18.1%,12.1%
mssc_2_source_rev_1 mssc_2_source_rev_2 mssc_2_source_rev_3,Nana_Mambere,IDP_FA,agric,petit_commerce,jtt_agric,39.6%,16.1%,15.2%
mssc_2_source_rev_1 mssc_2_source_rev_2 mssc_2_source_rev_3,Nana_Mambere,retourne,agric,petit_commerce,jtt_agric,32.9%,24.6%,8.52%
mssc_2_source_rev_1 mssc_2_source_rev_2 mssc_2_source_rev_3,Ouham_Pende,hote,agric,petit_commerce,jtt_agric,36.6%,18.3%,13.2%
mssc_2_source_rev_1 mssc_2_source_rev_2 mssc_2_source_rev_3,Ouham_Pende,IDP_FA,agric,petit_commerce,jtt_agric,25.0%,23.3%,15.9%
mssc_2_source_rev_1 mssc_2_source_rev_2 mssc_2_source_rev_3,Ouham_Pende,retourne,agric,petit_commerce,jtt_agric,33.0%,22.7%,13.5%
mssc_2_source_rev_1 mssc_2_source_rev_2 mssc_2_source_rev_3,Ouham_Pende,rapatrie,agric,jtt_agric,petit_commerce,35.8%,28.4%,17.3%
mssc_2_source_rev_1 mssc_2_source_rev_2 mssc_2_source_rev_3,Nana_Gribizi,IDP_site,petit_commerce,agric,nsp,23.6%,17.3%,10.5%
mssc_2_source_rev_1 mssc_2_source_rev_2 mssc_2_source_rev_3,Nana_Gribizi,hote,agric,petit_commerce,nsp,34.5%,20.6%,10.9%
mssc_2_source_rev_1 mssc_2_source_rev_2 mssc_2_source_rev_3,Nana_Gribizi,IDP_FA,petit_commerce,agric,jtt_agric,28.9%,18.5%,14.2%
mssc_2_source_rev_1 mssc_2_source_rev_2 mssc_2_source_rev_3,Nana_Gribizi,retourne,agric,pche,petit_commerce,34.7%,20.5%,11.8%
mssc_2_source_rev_1 mssc_2_source_rev_2 mssc_2_source_rev_3,Mbomou,hote,agric,petit_commerce,pche,32.3%,22.1%,15.1%
mssc_2_source_rev_1 mssc_2_source_rev_2 mssc_2_source_rev_3,Mbomou,retourne,agric,jtt_agric,pche,33.0%,18.9%,15.7%
mssc_2_source_rev_1 mssc_2_source_rev_2 mssc_2_source_rev_3,Mbomou,IDP_site,agric,jtt_agric,petit_commerce,25.7%,24.2%,18.5%
mssc_2_source_rev_1 mssc_2_source_rev_2 mssc_2_source_rev_3,Mbomou,IDP_FA,agric,petit_commerce,jtt_agric,32.1%,17.4%,16.9%
mssc_2_source_rev_1 mssc_2_source_rev_2 mssc_2_source_rev_3,Mambere_Kadei,IDP_FA,agric,jtt_agric,petit_commerce,37.3%,16.2%,11.8%
mssc_2_source_rev_1 mssc_2_source_rev_2 mssc_2_source_rev_3,Mambere_Kadei,hote,agric,pche,petit_commerce,40.9%,19.1%,13.8%
mssc_2_source_rev_1 mssc_2_source_rev_2 mssc_2_source_rev_3,Ombella_MPoko,IDP_FA,agric,petit_commerce,nsp,37.2%,21.8%,11.3%
mssc_2_source_rev_1 mssc_2_source_rev_2 mssc_2_source_rev_3,Ombella_MPoko,hote,agric,petit_commerce,pche,39.9%,20.5%,11.2%
mssc_2_source_rev_1 mssc_2_source_rev_2 mssc_2_source_rev_3,Kemo,hote,agric,pche,petit_commerce,41.0%,20.0%,11.7%
mssc_2_source_rev_1 mssc_2_source_rev_2 mssc_2_source_rev_3,Kemo,IDP_FA,agric,jtt_agric,pche,36.0%,17.6%,14.2%
mssc_2_source_rev_1 mssc_2_source_rev_2 mssc_2_source_rev_3,Haut_Mbomou,IDP_site,agric,petit_commerce,jtt_agric,25.0%,21.8%,14.9%
mssc_2_source_rev_1 mssc_2_source_rev_2 mssc_2_source_rev_3,Haut_Mbomou,IDP_FA,agric,petit_commerce,jtt_agric,25.5%,17.0%,13.4%
mssc_2_source_rev_1 mssc_2_source_rev_2 mssc_2_source_rev_3,Haut_Mbomou,hote,agric,petit_commerce,jtt_agric,31.1%,23.5%,10.3%
mssc_2_source_rev_1 mssc_2_source_rev_2 mssc_2_source_rev_3,Haute_Kotto,IDP_FA,petit_commerce,agric,pche,23.6%,21.9%,17.5%
mssc_2_source_rev_1 mssc_2_source_rev_2 mssc_2_source_rev_3,Haute_Kotto,hote,petit_commerce,agric,pche,23.8%,22.0%,13.6%
mssc_2_source_rev_1 mssc_2_source_rev_2 mssc_2_source_rev_3,Haute_Kotto,retourne,agric,pche,petit_commerce,23.5%,21.8%,17.0%
mssc_2_source_rev_1 mssc_2_source_rev_2 mssc_2_source_rev_3,Haute_Kotto,IDP_site,pche,petit_commerce,agric,23.0%,19.7%,19.6%
mssc_2_source_rev_1 mssc_2_source_rev_2 mssc_2_source_rev_3,Lobaye,IDP_FA,agric,petit_commerce,pche,32.8%,22.5%,14.4%
mssc_2_source_rev_1 mssc_2_source_rev_2 mssc_2_source_rev_3,Lobaye,hote,agric,petit_commerce,pche,40.3%,17.4%,16.7%
mssc_2_source_rev_1 mssc_2_source_rev_2 mssc_2_source_rev_3,Haut_Mbomou,retourne,agric,jtt_agric,petit_commerce,35.2%,17.6%,12.0%
mssc_2_source_rev_1 mssc_2_source_rev_2 mssc_2_source_rev_3,Haut_Mbomou,rapatrie,agric,NA,NA,100%,NA,NA
mssc_2_source_rev_1 mssc_2_source_rev_2 mssc_2_source_rev_3,Mambere_Kadei,retourne,agric,pche,jtt_agric,34.9%,21.2%,14.2%
mssc_2_source_rev_1 mssc_2_source_rev_2 mssc_2_source_rev_3,Mambere_Kadei,rapatrie,agric,jtt_agric,petit_commerce,32.1%,21.7%,20.7%
mssc_2_source_rev_1 mssc_2_source_rev_2 mssc_2_source_rev_3,Sangha_Mbaere,hote,agric,pche,petit_commerce,40.0%,18.9%,15.4%
mssc_2_source_rev_1 mssc_2_source_rev_2 mssc_2_source_rev_3,Sangha_Mbaere,IDP_FA,agric,pche,transformation_nat,46.6%,28.7%,8.60%
wash_9_insuff_raisons_1 wash_9_insuff_raisons_2 wash_9_insuff_raisons_3,Bamingui_Bangoran,retourne,distance,route_non_access,route_dangereux,29.3%,23.1%,9.11%
wash_9_insuff_raisons_1 wash_9_insuff_raisons_2 wash_9_insuff_raisons_3,Bamingui_Bangoran,hote,distance,route_non_access,attente_longue,31.5%,24.5%,9.87%
wash_9_insuff_raisons_1 wash_9_insuff_raisons_2 wash_9_insuff_raisons_3,Bamingui_Bangoran,IDP_site,distance,route_non_access,source_non_fonct,36.1%,17.4%,11.1%
wash_9_insuff_raisons_1 wash_9_insuff_raisons_2 wash_9_insuff_raisons_3,Bamingui_Bangoran,IDP_FA,distance,route_non_access,route_dangereux,28.7%,17.3%,13.6%
wash_9_insuff_raisons_1 wash_9_insuff_raisons_2 wash_9_insuff_raisons_3,Ouham,hote,manque_recip,attente_longue,distance,31.7%,21.0%,15.3%
wash_9_insuff_raisons_1 wash_9_insuff_raisons_2 wash_9_insuff_raisons_3,Ouham,IDP_site,manque_recip,attente_longue,distance,36.6%,15.6%,13.9%
wash_9_insuff_raisons_1 wash_9_insuff_raisons_2 wash_9_insuff_raisons_3,Ouham,IDP_FA,manque_recip,attente_longue,distance,35.2%,23.2%,14.9%
wash_9_insuff_raisons_1 wash_9_insuff_raisons_2 wash_9_insuff_raisons_3,Ouham,retourne,manque_recip,distance,attente_longue,28.9%,25.5%,16.1%
wash_9_insuff_raisons_1 wash_9_insuff_raisons_2 wash_9_insuff_raisons_3,Basse_Kotto,IDP_site,manque_recip,attente_longue,aucune,50.2%,18.8%,13.5%
wash_9_insuff_raisons_1 wash_9_insuff_raisons_2 wash_9_insuff_raisons_3,Basse_Kotto,IDP_FA,manque_recip,attente_longue,distance,39.0%,12.8%,12.1%
wash_9_insuff_raisons_1 wash_9_insuff_raisons_2 wash_9_insuff_raisons_3,Basse_Kotto,hote,manque_recip,distance,qualite_eau,42.5%,14.8%,11.2%
wash_9_insuff_raisons_1 wash_9_insuff_raisons_2 wash_9_insuff_raisons_3,Basse_Kotto,retourne,manque_recip,aucune,qualite_eau,43.0%,14.1%,13.5%
wash_9_insuff_raisons_1 wash_9_insuff_raisons_2 wash_9_insuff_raisons_3,Vakaga,hote,manque_recip,attente_longue,distance,28.2%,24.8%,14.0%
wash_9_insuff_raisons_1 wash_9_insuff_raisons_2 wash_9_insuff_raisons_3,Vakaga,IDP_FA,manque_recip,attente_longue,distance,22.8%,21.8%,16.8%
wash_9_insuff_raisons_1 wash_9_insuff_raisons_2 wash_9_insuff_raisons_3,Bangui,hote,attente_longue,distance,manque_recip,23.5%,18.3%,15.5%
wash_9_insuff_raisons_1 wash_9_insuff_raisons_2 wash_9_insuff_raisons_3,Bangui,retourne,manque_recip,attente_longue,distance,27.5%,26.2%,20.0%
wash_9_insuff_raisons_1 wash_9_insuff_raisons_2 wash_9_insuff_raisons_3,Bangui,IDP_FA,attente_longue,manque_recip,distance,21.1%,17.6%,15.4%
wash_9_insuff_raisons_1 wash_9_insuff_raisons_2 wash_9_insuff_raisons_3,Bangui,rapatrie,manque_recip,attente_longue,qualite_eau,41.7%,16.7%,16.7%
wash_9_insuff_raisons_1 wash_9_insuff_raisons_2 wash_9_insuff_raisons_3,Ouaka,IDP_site,manque_recip,attente_longue,aucune,32.2%,22.9%,9.33%
wash_9_insuff_raisons_1 wash_9_insuff_raisons_2 wash_9_insuff_raisons_3,Ouaka,IDP_FA,manque_recip,attente_longue,distance,29.7%,17.3%,11.2%
wash_9_insuff_raisons_1 wash_9_insuff_raisons_2 wash_9_insuff_raisons_3,Ouaka,hote,manque_recip,qualite_eau,attente_longue,38.9%,15.5%,12.5%
wash_9_insuff_raisons_1 wash_9_insuff_raisons_2 wash_9_insuff_raisons_3,Ouaka,retourne,manque_recip,attente_longue,distance,33.5%,17.0%,11.8%
wash_9_insuff_raisons_1 wash_9_insuff_raisons_2 wash_9_insuff_raisons_3,Nana_Mambere,hote,manque_recip,attente_longue,route_non_access,23.9%,18.6%,13.5%
wash_9_insuff_raisons_1 wash_9_insuff_raisons_2 wash_9_insuff_raisons_3,Nana_Mambere,IDP_FA,manque_recip,attente_longue,distance,25.6%,16.8%,14.1%
wash_9_insuff_raisons_1 wash_9_insuff_raisons_2 wash_9_insuff_raisons_3,Nana_Mambere,retourne,manque_recip,attente_longue,distance,24.3%,23.6%,14.8%
wash_9_insuff_raisons_1 wash_9_insuff_raisons_2 wash_9_insuff_raisons_3,Ouham_Pende,hote,distance,manque_recip,attente_longue,21.2%,19.1%,14.4%
wash_9_insuff_raisons_1 wash_9_insuff_raisons_2 wash_9_insuff_raisons_3,Ouham_Pende,IDP_FA,manque_recip,distance,attente_longue,24.0%,23.1%,10.1%
wash_9_insuff_raisons_1 wash_9_insuff_raisons_2 wash_9_insuff_raisons_3,Ouham_Pende,retourne,manque_recip,distance,attente_longue,28.8%,25.0%,15.2%
wash_9_insuff_raisons_1 wash_9_insuff_raisons_2 wash_9_insuff_raisons_3,Ouham_Pende,rapatrie,manque_recip,qualite_eau,distance,43.1%,27.5%,15.7%
wash_9_insuff_raisons_1 wash_9_insuff_raisons_2 wash_9_insuff_raisons_3,Nana_Gribizi,IDP_site,manque_recip,attente_longue,source_non_fonct,32.1%,29.6%,7.92%
wash_9_insuff_raisons_1 wash_9_insuff_raisons_2 wash_9_insuff_raisons_3,Nana_Gribizi,hote,manque_recip,attente_longue,distance,31.4%,21.4%,12.5%
wash_9_insuff_raisons_1 wash_9_insuff_raisons_2 wash_9_insuff_raisons_3,Nana_Gribizi,IDP_FA,manque_recip,attente_longue,distance,35.7%,22.2%,8.06%
wash_9_insuff_raisons_1 wash_9_insuff_raisons_2 wash_9_insuff_raisons_3,Nana_Gribizi,retourne,manque_recip,attente_longue,distance,37.0%,17.6%,14.2%
wash_9_insuff_raisons_1 wash_9_insuff_raisons_2 wash_9_insuff_raisons_3,Mbomou,hote,manque_recip,distance,qualite_eau,30.4%,20.6%,12.0%
wash_9_insuff_raisons_1 wash_9_insuff_raisons_2 wash_9_insuff_raisons_3,Mbomou,retourne,manque_recip,attente_longue,qualite_eau,23.5%,15.9%,11.1%
wash_9_insuff_raisons_1 wash_9_insuff_raisons_2 wash_9_insuff_raisons_3,Mbomou,IDP_site,manque_recip,distance,raisons_fin,38.4%,9.83%,9.07%
wash_9_insuff_raisons_1 wash_9_insuff_raisons_2 wash_9_insuff_raisons_3,Mbomou,IDP_FA,manque_recip,distance,attente_longue,24.9%,18.1%,12.5%
wash_9_insuff_raisons_1 wash_9_insuff_raisons_2 wash_9_insuff_raisons_3,Mambere_Kadei,IDP_FA,manque_recip,distance,attente_longue,25.3%,18.5%,15.6%
wash_9_insuff_raisons_1 wash_9_insuff_raisons_2 wash_9_insuff_raisons_3,Mambere_Kadei,hote,manque_recip,distance,route_non_access,26.1%,18.4%,12.2%
wash_9_insuff_raisons_1 wash_9_insuff_raisons_2 wash_9_insuff_raisons_3,Ombella_MPoko,IDP_FA,manque_recip,qualite_eau,attente_longue,34.9%,19.4%,12.7%
wash_9_insuff_raisons_1 wash_9_insuff_raisons_2 wash_9_insuff_raisons_3,Ombella_MPoko,hote,manque_recip,attente_longue,distance,27.4%,17.2%,16.9%
wash_9_insuff_raisons_1 wash_9_insuff_raisons_2 wash_9_insuff_raisons_3,Kemo,hote,manque_recip,attente_longue,distance,31.8%,15.3%,13.7%
wash_9_insuff_raisons_1 wash_9_insuff_raisons_2 wash_9_insuff_raisons_3,Kemo,IDP_FA,manque_recip,distance,attente_longue,32.6%,13.7%,13.0%
wash_9_insuff_raisons_1 wash_9_insuff_raisons_2 wash_9_insuff_raisons_3,Haut_Mbomou,IDP_site,manque_recip,attente_longue,distance,26.1%,19.6%,12.9%
wash_9_insuff_raisons_1 wash_9_insuff_raisons_2 wash_9_insuff_raisons_3,Haut_Mbomou,IDP_FA,distance,manque_recip,attente_longue,20.1%,19.5%,16.6%
wash_9_insuff_raisons_1 wash_9_insuff_raisons_2 wash_9_insuff_raisons_3,Haut_Mbomou,hote,distance,manque_recip,attente_longue,22.9%,17.7%,16.2%
wash_9_insuff_raisons_1 wash_9_insuff_raisons_2 wash_9_insuff_raisons_3,Haute_Kotto,IDP_FA,manque_recip,attente_longue,distance,33.9%,17.9%,12.9%
wash_9_insuff_raisons_1 wash_9_insuff_raisons_2 wash_9_insuff_raisons_3,Haute_Kotto,hote,manque_recip,distance,attente_longue,23.4%,13.9%,11.7%
wash_9_insuff_raisons_1 wash_9_insuff_raisons_2 wash_9_insuff_raisons_3,Haute_Kotto,retourne,manque_recip,attente_longue,qualite_eau,27.6%,13.4%,13.2%
wash_9_insuff_raisons_1 wash_9_insuff_raisons_2 wash_9_insuff_raisons_3,Haute_Kotto,IDP_site,manque_recip,distance,aucune,25.7%,19.0%,16.1%
wash_9_insuff_raisons_1 wash_9_insuff_raisons_2 wash_9_insuff_raisons_3,Lobaye,IDP_FA,manque_recip,attente_longue,distance,20.8%,20.4%,17.9%
wash_9_insuff_raisons_1 wash_9_insuff_raisons_2 wash_9_insuff_raisons_3,Lobaye,hote,manque_recip,attente_longue,raisons_fin,27.9%,13.1%,10.9%
wash_9_insuff_raisons_1 wash_9_insuff_raisons_2 wash_9_insuff_raisons_3,Haut_Mbomou,retourne,manque_recip,distance,attente_longue,23.0%,19.5%,17.4%
wash_9_insuff_raisons_1 wash_9_insuff_raisons_2 wash_9_insuff_raisons_3,Haut_Mbomou,rapatrie,"NA",NA,NA,,NA,NA
wash_9_insuff_raisons_1 wash_9_insuff_raisons_2 wash_9_insuff_raisons_3,Mambere_Kadei,retourne,manque_recip,distance,attente_longue,21.7%,16.3%,14.2%
wash_9_insuff_raisons_1 wash_9_insuff_raisons_2 wash_9_insuff_raisons_3,Mambere_Kadei,rapatrie,distance,attente_longue,manque_recip,23.4%,22.1%,20.8%
wash_9_insuff_raisons_1 wash_9_insuff_raisons_2 wash_9_insuff_raisons_3,Sangha_Mbaere,hote,manque_recip,attente_longue,distance,28.4%,15.7%,15.1%
wash_9_insuff_raisons_1 wash_9_insuff_raisons_2 wash_9_insuff_raisons_3,Sangha_Mbaere,IDP_FA,manque_recip,distance,attente_longue,29.7%,18.5%,13.1%
nfi_7_assistance_1 nfi_7_assistance_2 nfi_7_assistance_3,Bamingui_Bangoran,retourne,provision_abri,provision_nfi_essentiels,aide_securite,22.9%,15.6%,12.4%
nfi_7_assistance_1 nfi_7_assistance_2 nfi_7_assistance_3,Bamingui_Bangoran,hote,argent_materiel,argent_nfi_essentiels,provision_abri,26.0%,16.9%,15.1%
nfi_7_assistance_1 nfi_7_assistance_2 nfi_7_assistance_3,Bamingui_Bangoran,IDP_site,argent_nfi_essentiels,provision_nfi_essentiels,argent_materiel,25.4%,13.8%,12.9%
nfi_7_assistance_1 nfi_7_assistance_2 nfi_7_assistance_3,Bamingui_Bangoran,IDP_FA,argent_nfi_essentiels,argent_materiel,provision_nfi_essentiels,22.6%,15.6%,13.2%
nfi_7_assistance_1 nfi_7_assistance_2 nfi_7_assistance_3,Ouham,hote,argent_nfi_essentiels,provision_nfi_essentiels,argent_materiel,24.2%,15.4%,15.1%
nfi_7_assistance_1 nfi_7_assistance_2 nfi_7_assistance_3,Ouham,IDP_site,argent_nfi_essentiels,argent_materiel,provision_nfi_essentiels,29.6%,19.2%,13.6%
nfi_7_assistance_1 nfi_7_assistance_2 nfi_7_assistance_3,Ouham,IDP_FA,argent_nfi_essentiels,provision_nfi_essentiels,argent_materiel,26.9%,18.7%,17.1%
nfi_7_assistance_1 nfi_7_assistance_2 nfi_7_assistance_3,Ouham,retourne,argent_materiel,provision_nfi_essentiels,argent_nfi_essentiels,23.0%,17.9%,17.3%
nfi_7_assistance_1 nfi_7_assistance_2 nfi_7_assistance_3,Basse_Kotto,IDP_site,argent_nfi_essentiels,argent_materiel,provision_abri,26.2%,16.5%,16.3%
nfi_7_assistance_1 nfi_7_assistance_2 nfi_7_assistance_3,Basse_Kotto,IDP_FA,argent_nfi_essentiels,provision_nfi_essentiels,provision_abri,21.3%,21.2%,19.6%
nfi_7_assistance_1 nfi_7_assistance_2 nfi_7_assistance_3,Basse_Kotto,hote,provision_nfi_essentiels,provision_abri,argent_nfi_essentiels,26.8%,19.2%,14.4%
nfi_7_assistance_1 nfi_7_assistance_2 nfi_7_assistance_3,Basse_Kotto,retourne,provision_nfi_essentiels,provision_abri,argent_nfi_essentiels,28.3%,18.8%,16.9%
nfi_7_assistance_1 nfi_7_assistance_2 nfi_7_assistance_3,Vakaga,hote,provision_materiel,argent_materiel,provision_abri,26.4%,16.5%,14.9%
nfi_7_assistance_1 nfi_7_assistance_2 nfi_7_assistance_3,Vakaga,IDP_FA,argent_materiel,provision_nfi_essentiels,argent_nfi_essentiels,31.9%,22.9%,16.2%
nfi_7_assistance_1 nfi_7_assistance_2 nfi_7_assistance_3,Bangui,hote,argent_nfi_essentiels,argent_materiel,aide_securite,20.6%,16.6%,10.4%
nfi_7_assistance_1 nfi_7_assistance_2 nfi_7_assistance_3,Bangui,retourne,argent_nfi_essentiels,argent_loyer,argent_materiel,20.1%,15.6%,13.2%
nfi_7_assistance_1 nfi_7_assistance_2 nfi_7_assistance_3,Bangui,IDP_FA,provision_nfi_essentiels,argent_loyer,argent_nfi_essentiels,16.9%,15.5%,13.5%
nfi_7_assistance_1 nfi_7_assistance_2 nfi_7_assistance_3,Bangui,rapatrie,provision_abri,argent_loyer,provision_nfi_essentiels,50.0%,33.3%,16.7%
nfi_7_assistance_1 nfi_7_assistance_2 nfi_7_assistance_3,Ouaka,IDP_site,argent_materiel,provision_abri,argent_nfi_essentiels,19.0%,17.4%,16.9%
nfi_7_assistance_1 nfi_7_assistance_2 nfi_7_assistance_3,Ouaka,IDP_FA,provision_nfi_essentiels,argent_nfi_essentiels,argent_materiel,18.4%,18.3%,14.3%
nfi_7_assistance_1 nfi_7_assistance_2 nfi_7_assistance_3,Ouaka,hote,provision_nfi_essentiels,provision_materiel,provision_abri,28.6%,14.7%,11.7%
nfi_7_assistance_1 nfi_7_assistance_2 nfi_7_assistance_3,Ouaka,retourne,provision_nfi_essentiels,argent_nfi_essentiels,provision_abri,26.1%,16.3%,13.2%
nfi_7_assistance_1 nfi_7_assistance_2 nfi_7_assistance_3,Nana_Mambere,hote,provision_nfi_essentiels,argent_nfi_essentiels,argent_materiel,22.8%,17.9%,13.6%
nfi_7_assistance_1 nfi_7_assistance_2 nfi_7_assistance_3,Nana_Mambere,IDP_FA,argent_nfi_essentiels,argent_materiel,provision_nfi_essentiels,20.9%,19.2%,18.4%
nfi_7_assistance_1 nfi_7_assistance_2 nfi_7_assistance_3,Nana_Mambere,retourne,provision_nfi_essentiels,argent_materiel,provision_materiel,17.7%,16.9%,16.0%
nfi_7_assistance_1 nfi_7_assistance_2 nfi_7_assistance_3,Ouham_Pende,hote,provision_abri,provision_nfi_essentiels,argent_materiel,22.9%,18.3%,14.7%
nfi_7_assistance_1 nfi_7_assistance_2 nfi_7_assistance_3,Ouham_Pende,IDP_FA,provision_abri,provision_nfi_essentiels,argent_materiel,26.1%,16.5%,14.6%
nfi_7_assistance_1 nfi_7_assistance_2 nfi_7_assistance_3,Ouham_Pende,retourne,provision_abri,provision_nfi_essentiels,argent_nfi_essentiels,18.2%,18.1%,18.0%
nfi_7_assistance_1 nfi_7_assistance_2 nfi_7_assistance_3,Ouham_Pende,rapatrie,provision_abri,argent_nfi_essentiels,autre,20.0%,20.0%,16.7%
nfi_7_assistance_1 nfi_7_assistance_2 nfi_7_assistance_3,Nana_Gribizi,IDP_site,argent_materiel,argent_nfi_essentiels,aide_reparation_abris,25.2%,22.2%,11.6%
nfi_7_assistance_1 nfi_7_assistance_2 nfi_7_assistance_3,Nana_Gribizi,hote,argent_nfi_essentiels,argent_materiel,aide_reparation_abris,28.7%,18.2%,15.1%
nfi_7_assistance_1 nfi_7_assistance_2 nfi_7_assistance_3,Nana_Gribizi,IDP_FA,argent_nfi_essentiels,provision_abri,provision_nfi_essentiels,24.8%,15.7%,15.2%
nfi_7_assistance_1 nfi_7_assistance_2 nfi_7_assistance_3,Nana_Gribizi,retourne,argent_nfi_essentiels,argent_materiel,aide_reparation_abris,28.9%,20.0%,15.6%
nfi_7_assistance_1 nfi_7_assistance_2 nfi_7_assistance_3,Mbomou,hote,provision_abri,argent_materiel,argent_nfi_essentiels,18.5%,17.8%,15.4%
nfi_7_assistance_1 nfi_7_assistance_2 nfi_7_assistance_3,Mbomou,retourne,provision_abri,aide_securite,argent_materiel,19.3%,17.3%,15.8%
nfi_7_assistance_1 nfi_7_assistance_2 nfi_7_assistance_3,Mbomou,IDP_site,argent_materiel,argent_nfi_essentiels,aide_securite,16.5%,14.3%,13.5%
nfi_7_assistance_1 nfi_7_assistance_2 nfi_7_assistance_3,Mbomou,IDP_FA,provision_nfi_essentiels,argent_materiel,provision_abri,18.8%,17.3%,16.9%
nfi_7_assistance_1 nfi_7_assistance_2 nfi_7_assistance_3,Mambere_Kadei,IDP_FA,argent_materiel,argent_nfi_essentiels,provision_abri,26.0%,25.1%,14.6%
nfi_7_assistance_1 nfi_7_assistance_2 nfi_7_assistance_3,Mambere_Kadei,hote,argent_materiel,provision_abri,argent_nfi_essentiels,20.9%,19.8%,14.8%
nfi_7_assistance_1 nfi_7_assistance_2 nfi_7_assistance_3,Ombella_MPoko,IDP_FA,argent_nfi_essentiels,provision_abri,provision_nfi_essentiels,18.3%,16.1%,15.6%
nfi_7_assistance_1 nfi_7_assistance_2 nfi_7_assistance_3,Ombella_MPoko,hote,provision_nfi_essentiels,argent_materiel,argent_nfi_essentiels,17.9%,15.6%,13.9%
nfi_7_assistance_1 nfi_7_assistance_2 nfi_7_assistance_3,Kemo,hote,provision_materiel,provision_abri,aide_reparation_abris,20.6%,19.3%,15.3%
nfi_7_assistance_1 nfi_7_assistance_2 nfi_7_assistance_3,Kemo,IDP_FA,provision_abri,argent_nfi_essentiels,argent_materiel,22.5%,16.7%,16.1%
nfi_7_assistance_1 nfi_7_assistance_2 nfi_7_assistance_3,Haut_Mbomou,IDP_site,provision_abri,argent_nfi_essentiels,provision_nfi_essentiels,21.4%,20.0%,15.8%
nfi_7_assistance_1 nfi_7_assistance_2 nfi_7_assistance_3,Haut_Mbomou,IDP_FA,argent_materiel,provision_abri,aide_securite,19.0%,18.5%,15.9%
nfi_7_assistance_1 nfi_7_assistance_2 nfi_7_assistance_3,Haut_Mbomou,hote,aide_securite,argent_materiel,provision_abri,23.2%,18.5%,14.6%
nfi_7_assistance_1 nfi_7_assistance_2 nfi_7_assistance_3,Haute_Kotto,IDP_FA,provision_abri,argent_nfi_essentiels,argent_materiel,19.0%,14.6%,14.0%
nfi_7_assistance_1 nfi_7_assistance_2 nfi_7_assistance_3,Haute_Kotto,hote,argent_nfi_essentiels,aide_reparation_abris,provision_abri,17.7%,16.1%,15.8%
nfi_7_assistance_1 nfi_7_assistance_2 nfi_7_assistance_3,Haute_Kotto,retourne,provision_materiel,provision_abri,aide_securite,15.1%,14.9%,14.1%
nfi_7_assistance_1 nfi_7_assistance_2 nfi_7_assistance_3,Haute_Kotto,IDP_site,argent_nfi_essentiels,provision_abri,provision_materiel,20.9%,18.1%,14.5%
nfi_7_assistance_1 nfi_7_assistance_2 nfi_7_assistance_3,Lobaye,IDP_FA,provision_abri,provision_materiel,argent_loyer,23.8%,14.1%,13.8%
nfi_7_assistance_1 nfi_7_assistance_2 nfi_7_assistance_3,Lobaye,hote,argent_nfi_essentiels,argent_materiel,provision_abri,18.8%,18.6%,18.3%
nfi_7_assistance_1 nfi_7_assistance_2 nfi_7_assistance_3,Haut_Mbomou,retourne,argent_materiel,aide_securite,argent_nfi_essentiels,20.6%,20.0%,16.5%
nfi_7_assistance_1 nfi_7_assistance_2 nfi_7_assistance_3,Haut_Mbomou,rapatrie,"NA",NA,NA,,NA,NA
nfi_7_assistance_1 nfi_7_assistance_2 nfi_7_assistance_3,Mambere_Kadei,retourne,argent_materiel,provision_abri,argent_nfi_essentiels,25.8%,19.9%,19.6%
nfi_7_assistance_1 nfi_7_assistance_2 nfi_7_assistance_3,Mambere_Kadei,rapatrie,argent_nfi_essentiels,argent_materiel,provision_nfi_essentiels,25.6%,22.2%,20.0%
nfi_7_assistance_1 nfi_7_assistance_2 nfi_7_assistance_3,Sangha_Mbaere,hote,argent_materiel,argent_nfi_essentiels,provision_abri,22.1%,21.5%,17.3%
nfi_7_assistance_1 nfi_7_assistance_2 nfi_7_assistance_3,Sangha_Mbaere,IDP_FA,provision_abri,argent_materiel,argent_nfi_essentiels,21.4%,20.3%,19.0%
educ_6_reponse_1 educ_6_reponse_2 educ_6_reponse_3,Bamingui_Bangoran,retourne,cash_livres,acces_repas,prov_fournitures,13.5%,13.0%,12.8%
educ_6_reponse_1 educ_6_reponse_2 educ_6_reponse_3,Bamingui_Bangoran,hote,cash_frais,cash_fournitures,prov_fournitures,22.6%,21.2%,15.1%
educ_6_reponse_1 educ_6_reponse_2 educ_6_reponse_3,Bamingui_Bangoran,IDP_site,cash_frais,cash_nourriture,cash_fournitures,27.4%,20.8%,19.6%
educ_6_reponse_1 educ_6_reponse_2 educ_6_reponse_3,Bamingui_Bangoran,IDP_FA,cash_frais,cash_fournitures,prov_livres,21.3%,15.2%,14.7%
educ_6_reponse_1 educ_6_reponse_2 educ_6_reponse_3,Ouham,hote,cash_frais,cash_fournitures,cash_nourriture,24.3%,20.3%,11.4%
educ_6_reponse_1 educ_6_reponse_2 educ_6_reponse_3,Ouham,IDP_site,cash_frais,cash_nourriture,cash_fournitures,27.0%,16.1%,14.7%
educ_6_reponse_1 educ_6_reponse_2 educ_6_reponse_3,Ouham,IDP_FA,cash_frais,cash_fournitures,prov_livres,29.4%,28.7%,18.4%
educ_6_reponse_1 educ_6_reponse_2 educ_6_reponse_3,Ouham,retourne,cash_nourriture,cash_fournitures,prov_fournitures,17.8%,16.9%,15.7%
educ_6_reponse_1 educ_6_reponse_2 educ_6_reponse_3,Basse_Kotto,IDP_site,cash_frais,cash_fournitures,cash_livres,31.7%,26.5%,14.3%
educ_6_reponse_1 educ_6_reponse_2 educ_6_reponse_3,Basse_Kotto,IDP_FA,prov_fournitures,prov_livres,cash_fournitures,22.8%,16.2%,15.8%
educ_6_reponse_1 educ_6_reponse_2 educ_6_reponse_3,Basse_Kotto,hote,prov_fournitures,cash_frais,cash_fournitures,23.1%,15.1%,12.2%
educ_6_reponse_1 educ_6_reponse_2 educ_6_reponse_3,Basse_Kotto,retourne,prov_fournitures,prov_livres,cash_frais,31.8%,23.7%,12.1%
educ_6_reponse_1 educ_6_reponse_2 educ_6_reponse_3,Vakaga,hote,cash_frais,prov_fournitures,cash_nourriture,25.7%,16.6%,14.2%
educ_6_reponse_1 educ_6_reponse_2 educ_6_reponse_3,Vakaga,IDP_FA,cash_frais,cash_fournitures,prov_fournitures,25.8%,15.6%,14.4%
educ_6_reponse_1 educ_6_reponse_2 educ_6_reponse_3,Bangui,hote,cash_frais,prov_fournitures,cash_fournitures,20.7%,18.4%,17.4%
educ_6_reponse_1 educ_6_reponse_2 educ_6_reponse_3,Bangui,retourne,cash_frais,prov_fournitures,cash_fournitures,21.7%,19.6%,16.1%
educ_6_reponse_1 educ_6_reponse_2 educ_6_reponse_3,Bangui,IDP_FA,cash_frais,cash_fournitures,prov_fournitures,24.3%,19.8%,13.3%
educ_6_reponse_1 educ_6_reponse_2 educ_6_reponse_3,Bangui,rapatrie,"NA",NA,NA,,NA,NA
educ_6_reponse_1 educ_6_reponse_2 educ_6_reponse_3,Ouaka,IDP_site,cash_frais,cash_fournitures,cash_livres,26.3%,24.5%,12.3%
educ_6_reponse_1 educ_6_reponse_2 educ_6_reponse_3,Ouaka,IDP_FA,cash_frais,prov_fournitures,cash_fournitures,24.6%,22.9%,19.2%
educ_6_reponse_1 educ_6_reponse_2 educ_6_reponse_3,Ouaka,hote,prov_fournitures,cash_frais,acces_repas,25.2%,16.3%,13.8%
educ_6_reponse_1 educ_6_reponse_2 educ_6_reponse_3,Ouaka,retourne,prov_fournitures,acces_repas,prov_livres,26.0%,16.2%,14.6%
educ_6_reponse_1 educ_6_reponse_2 educ_6_reponse_3,Nana_Mambere,hote,prov_fournitures,cash_fournitures,cash_frais,22.2%,17.1%,16.7%
educ_6_reponse_1 educ_6_reponse_2 educ_6_reponse_3,Nana_Mambere,IDP_FA,prov_fournitures,cash_frais,cash_fournitures,20.7%,17.1%,16.3%
educ_6_reponse_1 educ_6_reponse_2 educ_6_reponse_3,Nana_Mambere,retourne,prov_fournitures,cash_frais,cash_fournitures,22.1%,19.9%,14.4%
educ_6_reponse_1 educ_6_reponse_2 educ_6_reponse_3,Ouham_Pende,hote,prov_fournitures,prov_livres,cash_frais,21.2%,14.1%,13.3%
educ_6_reponse_1 educ_6_reponse_2 educ_6_reponse_3,Ouham_Pende,IDP_FA,prov_fournitures,cash_frais,prov_livres,23.8%,16.9%,13.8%
educ_6_reponse_1 educ_6_reponse_2 educ_6_reponse_3,Ouham_Pende,retourne,prov_fournitures,cash_frais,prov_livres,19.6%,14.1%,13.2%
educ_6_reponse_1 educ_6_reponse_2 educ_6_reponse_3,Ouham_Pende,rapatrie,prov_uniformes,prov_fournitures,cash_frais,33.3%,20.8%,20.8%
educ_6_reponse_1 educ_6_reponse_2 educ_6_reponse_3,Nana_Gribizi,IDP_site,cash_frais,cash_fournitures,cash_livres,28.5%,28.5%,15.6%
educ_6_reponse_1 educ_6_reponse_2 educ_6_reponse_3,Nana_Gribizi,hote,cash_frais,cash_fournitures,cash_livres,22.4%,20.0%,16.5%
educ_6_reponse_1 educ_6_reponse_2 educ_6_reponse_3,Nana_Gribizi,IDP_FA,cash_frais,cash_livres,cash_fournitures,32.2%,18.3%,15.4%
educ_6_reponse_1 educ_6_reponse_2 educ_6_reponse_3,Nana_Gribizi,retourne,cash_fournitures,cash_nourriture,cash_frais,26.2%,18.4%,18.4%
educ_6_reponse_1 educ_6_reponse_2 educ_6_reponse_3,Mbomou,hote,cash_frais,prov_fournitures,cash_fournitures,23.7%,19.5%,16.4%
educ_6_reponse_1 educ_6_reponse_2 educ_6_reponse_3,Mbomou,retourne,cash_frais,cash_nourriture,cash_fournitures,28.6%,21.4%,11.1%
educ_6_reponse_1 educ_6_reponse_2 educ_6_reponse_3,Mbomou,IDP_site,cash_frais,cash_fournitures,prov_fournitures,34.0%,26.8%,8.06%
educ_6_reponse_1 educ_6_reponse_2 educ_6_reponse_3,Mbomou,IDP_FA,cash_frais,prov_fournitures,cash_fournitures,19.2%,18.6%,11.8%
educ_6_reponse_1 educ_6_reponse_2 educ_6_reponse_3,Mambere_Kadei,IDP_FA,cash_frais,cash_fournitures,cash_transport,30.7%,23.8%,9.52%
educ_6_reponse_1 educ_6_reponse_2 educ_6_reponse_3,Mambere_Kadei,hote,cash_frais,cash_fournitures,prov_fournitures,24.0%,18.8%,15.8%
educ_6_reponse_1 educ_6_reponse_2 educ_6_reponse_3,Ombella_MPoko,IDP_FA,prov_fournitures,cash_frais,autre,20.1%,17.1%,13.5%
educ_6_reponse_1 educ_6_reponse_2 educ_6_reponse_3,Ombella_MPoko,hote,cash_frais,cash_fournitures,prov_fournitures,20.4%,18.7%,15.6%
educ_6_reponse_1 educ_6_reponse_2 educ_6_reponse_3,Kemo,hote,prov_fournitures,prov_livres,acces_repas,23.3%,16.3%,15.0%
educ_6_reponse_1 educ_6_reponse_2 educ_6_reponse_3,Kemo,IDP_FA,prov_fournitures,cash_frais,cash_fournitures,20.9%,16.8%,16.4%
educ_6_reponse_1 educ_6_reponse_2 educ_6_reponse_3,Haut_Mbomou,IDP_site,cash_fournitures,cash_frais,prov_fournitures,25.4%,18.0%,13.5%
educ_6_reponse_1 educ_6_reponse_2 educ_6_reponse_3,Haut_Mbomou,IDP_FA,cash_frais,cash_fournitures,prov_fournitures,27.3%,20.4%,11.7%
educ_6_reponse_1 educ_6_reponse_2 educ_6_reponse_3,Haut_Mbomou,hote,cash_frais,cash_fournitures,prov_fournitures,26.5%,24.2%,12.0%
educ_6_reponse_1 educ_6_reponse_2 educ_6_reponse_3,Haute_Kotto,IDP_FA,prov_fournitures,cash_frais,cash_fournitures,24.0%,20.7%,18.5%
educ_6_reponse_1 educ_6_reponse_2 educ_6_reponse_3,Haute_Kotto,hote,cash_frais,prov_fournitures,cash_fournitures,23.0%,21.4%,21.0%
educ_6_reponse_1 educ_6_reponse_2 educ_6_reponse_3,Haute_Kotto,retourne,cash_fournitures,cash_frais,prov_fournitures,24.0%,21.0%,18.2%
educ_6_reponse_1 educ_6_reponse_2 educ_6_reponse_3,Haute_Kotto,IDP_site,prov_fournitures,cash_fournitures,cash_frais,22.7%,18.4%,17.0%
educ_6_reponse_1 educ_6_reponse_2 educ_6_reponse_3,Lobaye,IDP_FA,cash_frais,cash_fournitures,prov_fournitures,18.4%,15.4%,13.2%
educ_6_reponse_1 educ_6_reponse_2 educ_6_reponse_3,Lobaye,hote,cash_frais,prov_fournitures,cash_fournitures,21.0%,20.6%,16.4%
educ_6_reponse_1 educ_6_reponse_2 educ_6_reponse_3,Haut_Mbomou,retourne,cash_frais,cash_fournitures,prov_fournitures,26.2%,21.3%,16.0%
educ_6_reponse_1 educ_6_reponse_2 educ_6_reponse_3,Haut_Mbomou,rapatrie,"NA",NA,NA,,NA,NA
educ_6_reponse_1 educ_6_reponse_2 educ_6_reponse_3,Mambere_Kadei,retourne,cash_fournitures,cash_frais,prov_livres,29.4%,25.7%,11.6%
educ_6_reponse_1 educ_6_reponse_2 educ_6_reponse_3,Mambere_Kadei,rapatrie,cash_frais,cash_fournitures,prov_fournitures,50.0%,33.3%,16.7%
educ_6_reponse_1 educ_6_reponse_2 educ_6_reponse_3,Sangha_Mbaere,hote,cash_fournitures,cash_frais,prov_fournitures,27.6%,25.8%,15.9%
educ_6_reponse_1 educ_6_reponse_2 educ_6_reponse_3,Sangha_Mbaere,IDP_FA,cash_fournitures,cash_frais,prov_fournitures,27.6%,26.7%,13.3%
rep_souhaitee_1 rep_souhaitee_2 rep_souhaitee_3,Bamingui_Bangoran,retourne,secal,sante,wash,27.1%,24.1%,23.6%
rep_souhaitee_1 rep_souhaitee_2 rep_souhaitee_3,Bamingui_Bangoran,hote,secal,wash,sante,28.0%,26.5%,21.7%
rep_souhaitee_1 rep_souhaitee_2 rep_souhaitee_3,Bamingui_Bangoran,IDP_site,wash,secal,sante,26.7%,20.4%,13.9%
rep_souhaitee_1 rep_souhaitee_2 rep_souhaitee_3,Bamingui_Bangoran,IDP_FA,secal,wash,sante,26.7%,24.9%,20.2%
rep_souhaitee_1 rep_souhaitee_2 rep_souhaitee_3,Ouham,hote,secal,wash,sante,28.1%,23.1%,22.9%
rep_souhaitee_1 rep_souhaitee_2 rep_souhaitee_3,Ouham,IDP_site,secal,wash,nfi,35.3%,19.9%,18.1%
rep_souhaitee_1 rep_souhaitee_2 rep_souhaitee_3,Ouham,IDP_FA,secal,wash,nfi,33.3%,20.0%,18.3%
rep_souhaitee_1 rep_souhaitee_2 rep_souhaitee_3,Ouham,retourne,secal,wash,sante,35.2%,17.4%,17.0%
rep_souhaitee_1 rep_souhaitee_2 rep_souhaitee_3,Basse_Kotto,IDP_site,secal,nfi,wash,30.3%,27.4%,16.6%
rep_souhaitee_1 rep_souhaitee_2 rep_souhaitee_3,Basse_Kotto,IDP_FA,secal,sante,wash,22.3%,21.9%,19.0%
rep_souhaitee_1 rep_souhaitee_2 rep_souhaitee_3,Basse_Kotto,hote,secal,sante,wash,25.2%,21.1%,20.7%
rep_souhaitee_1 rep_souhaitee_2 rep_souhaitee_3,Basse_Kotto,retourne,secal,nfi,wash,25.9%,25.4%,19.1%
rep_souhaitee_1 rep_souhaitee_2 rep_souhaitee_3,Vakaga,hote,secal,sante,educ,26.8%,21.8%,17.0%
rep_souhaitee_1 rep_souhaitee_2 rep_souhaitee_3,Vakaga,IDP_FA,secal,sante,wash,25.2%,21.8%,18.4%
rep_souhaitee_1 rep_souhaitee_2 rep_souhaitee_3,Bangui,hote,wash,sante,secal,28.1%,25.4%,20.6%
rep_souhaitee_1 rep_souhaitee_2 rep_souhaitee_3,Bangui,retourne,wash,secal,sante,25.2%,24.9%,24.6%
rep_souhaitee_1 rep_souhaitee_2 rep_souhaitee_3,Bangui,IDP_FA,secal,wash,sante,23.7%,23.0%,22.5%
rep_souhaitee_1 rep_souhaitee_2 rep_souhaitee_3,Bangui,rapatrie,secal,sante,nfi,33.3%,33.3%,22.2%
rep_souhaitee_1 rep_souhaitee_2 rep_souhaitee_3,Ouaka,IDP_site,secal,wash,nfi,24.9%,22.4%,18.2%
rep_souhaitee_1 rep_souhaitee_2 rep_souhaitee_3,Ouaka,IDP_FA,secal,nfi,sante,26.3%,19.6%,18.8%
rep_souhaitee_1 rep_souhaitee_2 rep_souhaitee_3,Ouaka,hote,wash,secal,sante,23.6%,21.4%,20.6%
rep_souhaitee_1 rep_souhaitee_2 rep_souhaitee_3,Ouaka,retourne,wash,secal,nfi,24.2%,21.8%,21.7%
rep_souhaitee_1 rep_souhaitee_2 rep_souhaitee_3,Nana_Mambere,hote,secal,sante,wash,28.3%,22.8%,18.9%
rep_souhaitee_1 rep_souhaitee_2 rep_souhaitee_3,Nana_Mambere,IDP_FA,secal,wash,nfi,28.4%,22.4%,16.8%
rep_souhaitee_1 rep_souhaitee_2 rep_souhaitee_3,Nana_Mambere,retourne,secal,sante,wash,30.2%,18.5%,17.0%
rep_souhaitee_1 rep_souhaitee_2 rep_souhaitee_3,Ouham_Pende,hote,secal,wash,sante,29.2%,21.8%,18.4%
rep_souhaitee_1 rep_souhaitee_2 rep_souhaitee_3,Ouham_Pende,IDP_FA,secal,wash,nfi,28.9%,15.5%,14.9%
rep_souhaitee_1 rep_souhaitee_2 rep_souhaitee_3,Ouham_Pende,retourne,secal,wash,sante,28.5%,19.7%,18.7%
rep_souhaitee_1 rep_souhaitee_2 rep_souhaitee_3,Ouham_Pende,rapatrie,sante,wash,secal,26.9%,22.2%,19.4%
rep_souhaitee_1 rep_souhaitee_2 rep_souhaitee_3,Nana_Gribizi,IDP_site,secal,wash,nfi,32.1%,22.4%,15.5%
rep_souhaitee_1 rep_souhaitee_2 rep_souhaitee_3,Nana_Gribizi,hote,secal,wash,nfi,30.0%,24.7%,14.2%
rep_souhaitee_1 rep_souhaitee_2 rep_souhaitee_3,Nana_Gribizi,IDP_FA,secal,nfi,wash,36.6%,21.5%,19.6%
rep_souhaitee_1 rep_souhaitee_2 rep_souhaitee_3,Nana_Gribizi,retourne,secal,wash,nfi,33.3%,23.6%,17.4%
rep_souhaitee_1 rep_souhaitee_2 rep_souhaitee_3,Mbomou,hote,secal,wash,sante,26.3%,22.3%,21.7%
rep_souhaitee_1 rep_souhaitee_2 rep_souhaitee_3,Mbomou,retourne,secal,wash,sante,24.4%,22.3%,20.3%
rep_souhaitee_1 rep_souhaitee_2 rep_souhaitee_3,Mbomou,IDP_site,secal,wash,sante,30.2%,18.9%,17.4%
rep_souhaitee_1 rep_souhaitee_2 rep_souhaitee_3,Mbomou,IDP_FA,secal,sante,wash,25.0%,20.6%,17.1%
rep_souhaitee_1 rep_souhaitee_2 rep_souhaitee_3,Mambere_Kadei,IDP_FA,secal,wash,sante,28.7%,23.4%,18.5%
rep_souhaitee_1 rep_souhaitee_2 rep_souhaitee_3,Mambere_Kadei,hote,secal,wash,sante,31.4%,23.4%,22.6%
rep_souhaitee_1 rep_souhaitee_2 rep_souhaitee_3,Ombella_MPoko,IDP_FA,sante,secal,wash,28.9%,27.1%,18.7%
rep_souhaitee_1 rep_souhaitee_2 rep_souhaitee_3,Ombella_MPoko,hote,sante,wash,secal,27.8%,22.1%,22.0%
rep_souhaitee_1 rep_souhaitee_2 rep_souhaitee_3,Kemo,hote,secal,wash,sante,26.0%,24.7%,20.8%
rep_souhaitee_1 rep_souhaitee_2 rep_souhaitee_3,Kemo,IDP_FA,secal,wash,sante,28.2%,18.0%,17.0%
rep_souhaitee_1 rep_souhaitee_2 rep_souhaitee_3,Haut_Mbomou,IDP_site,secal,sante,wash,33.7%,23.1%,22.7%
rep_souhaitee_1 rep_souhaitee_2 rep_souhaitee_3,Haut_Mbomou,IDP_FA,secal,wash,sante,31.8%,23.9%,22.2%
rep_souhaitee_1 rep_souhaitee_2 rep_souhaitee_3,Haut_Mbomou,hote,secal,sante,wash,32.1%,27.9%,20.2%
rep_souhaitee_1 rep_souhaitee_2 rep_souhaitee_3,Haute_Kotto,IDP_FA,wash,secal,nfi,25.2%,25.0%,17.6%
rep_souhaitee_1 rep_souhaitee_2 rep_souhaitee_3,Haute_Kotto,hote,secal,sante,wash,26.4%,19.7%,18.9%
rep_souhaitee_1 rep_souhaitee_2 rep_souhaitee_3,Haute_Kotto,retourne,secal,wash,nfi,22.3%,21.0%,18.1%
rep_souhaitee_1 rep_souhaitee_2 rep_souhaitee_3,Haute_Kotto,IDP_site,secal,nfi,wash,25.8%,21.0%,20.7%
rep_souhaitee_1 rep_souhaitee_2 rep_souhaitee_3,Lobaye,IDP_FA,sante,secal,wash,24.8%,24.0%,23.4%
rep_souhaitee_1 rep_souhaitee_2 rep_souhaitee_3,Lobaye,hote,secal,sante,wash,26.3%,24.3%,21.3%
rep_souhaitee_1 rep_souhaitee_2 rep_souhaitee_3,Haut_Mbomou,retourne,secal,wash,sante,32.7%,24.5%,21.7%
rep_souhaitee_1 rep_souhaitee_2 rep_souhaitee_3,Haut_Mbomou,rapatrie,secal,wash,sante,50.0%,33.3%,16.7%
rep_souhaitee_1 rep_souhaitee_2 rep_souhaitee_3,Mambere_Kadei,retourne,secal,wash,sante,33.0%,27.7%,17.0%
rep_souhaitee_1 rep_souhaitee_2 rep_souhaitee_3,Mambere_Kadei,rapatrie,secal,wash,nfi,32.9%,19.0%,13.5%
rep_souhaitee_1 rep_souhaitee_2 rep_souhaitee_3,Sangha_Mbaere,hote,secal,sante,wash,28.0%,22.4%,20.9%
rep_souhaitee_1 rep_souhaitee_2 rep_souhaitee_3,Sangha_Mbaere,IDP_FA,secal,wash,sante,30.3%,21.9%,21.9%
secal_13_reponse_1 secal_13_reponse_2 secal_13_reponse_3,Bamingui_Bangoran,retourne,cash_intrant_agri,cash_nourrit,cash_intrant_elev,28.1%,21.9%,15.5%
secal_13_reponse_1 secal_13_reponse_2 secal_13_reponse_3,Bamingui_Bangoran,hote,cash_intrant_agri,cash_nourrit,cash_nfi,27.0%,20.6%,14.9%
secal_13_reponse_1 secal_13_reponse_2 secal_13_reponse_3,Bamingui_Bangoran,IDP_site,cash_nfi,cash_intrant_agri,cash_nourrit,24.9%,18.0%,17.8%
secal_13_reponse_1 secal_13_reponse_2 secal_13_reponse_3,Bamingui_Bangoran,IDP_FA,cash_intrant_agri,cash_nourrit,cash_intrant_elev,24.7%,19.3%,15.7%
secal_13_reponse_1 secal_13_reponse_2 secal_13_reponse_3,Ouham,hote,cash_nourrit,cash_intrant_agri,cash_nfi,23.8%,22.6%,15.6%
secal_13_reponse_1 secal_13_reponse_2 secal_13_reponse_3,Ouham,IDP_site,cash_nourrit,cash_nfi,cash_intrant_agri,27.6%,17.0%,16.6%
secal_13_reponse_1 secal_13_reponse_2 secal_13_reponse_3,Ouham,IDP_FA,cash_nourrit,cash_nfi,cash_intrant_agri,26.9%,22.3%,19.9%
secal_13_reponse_1 secal_13_reponse_2 secal_13_reponse_3,Ouham,retourne,cash_nourrit,cash_intrant_agri,cash_nfi,29.7%,22.9%,15.5%
secal_13_reponse_1 secal_13_reponse_2 secal_13_reponse_3,Basse_Kotto,IDP_site,cash_nourrit,cash_intrant_agri,cash_nfi,24.7%,20.7%,18.8%
secal_13_reponse_1 secal_13_reponse_2 secal_13_reponse_3,Basse_Kotto,IDP_FA,cash_nfi,cash_nourrit,prov_intrant_agri,20.1%,17.6%,17.4%
secal_13_reponse_1 secal_13_reponse_2 secal_13_reponse_3,Basse_Kotto,hote,prov_intrant_agri,cash_intrant_agri,cash_nourrit,19.2%,16.3%,15.8%
secal_13_reponse_1 secal_13_reponse_2 secal_13_reponse_3,Basse_Kotto,retourne,cash_intrant_agri,prov_intrant_agri,prov_nourrit,20.5%,18.8%,16.2%
secal_13_reponse_1 secal_13_reponse_2 secal_13_reponse_3,Vakaga,hote,cash_nourrit,cash_intrant_agri,cash_intrant_elev,29.2%,19.7%,14.3%
secal_13_reponse_1 secal_13_reponse_2 secal_13_reponse_3,Vakaga,IDP_FA,cash_nourrit,cash_intrant_agri,cash_intrant_elev,26.4%,25.3%,15.4%
secal_13_reponse_1 secal_13_reponse_2 secal_13_reponse_3,Bangui,hote,cash_nourrit,cash_nfi,prov_nourrit,20.6%,18.2%,18.2%
secal_13_reponse_1 secal_13_reponse_2 secal_13_reponse_3,Bangui,retourne,cash_nourrit,prov_nourrit,cash_nfi,25.0%,22.9%,17.1%
secal_13_reponse_1 secal_13_reponse_2 secal_13_reponse_3,Bangui,IDP_FA,cash_nourrit,cash_nfi,prov_nourrit,21.6%,19.5%,17.1%
secal_13_reponse_1 secal_13_reponse_2 secal_13_reponse_3,Bangui,rapatrie,prov_nourrit,prov_intrant_agri,cash_nourrit,50.0%,18.8%,18.8%
secal_13_reponse_1 secal_13_reponse_2 secal_13_reponse_3,Ouaka,IDP_site,cash_nourrit,cash_intrant_agri,cash_nfi,24.0%,18.2%,13.9%
secal_13_reponse_1 secal_13_reponse_2 secal_13_reponse_3,Ouaka,IDP_FA,cash_nourrit,cash_nfi,cash_intrant_agri,21.3%,18.4%,15.6%
secal_13_reponse_1 secal_13_reponse_2 secal_13_reponse_3,Ouaka,hote,cash_nfi,prov_intrant_agri,prov_nourrit,17.6%,17.5%,16.3%
secal_13_reponse_1 secal_13_reponse_2 secal_13_reponse_3,Ouaka,retourne,prov_nourrit,prov_intrant_agri,cash_nfi,26.5%,22.6%,12.3%
secal_13_reponse_1 secal_13_reponse_2 secal_13_reponse_3,Nana_Mambere,hote,cash_nourrit,cash_intrant_agri,prov_intrant_agri,21.3%,20.1%,17.6%
secal_13_reponse_1 secal_13_reponse_2 secal_13_reponse_3,Nana_Mambere,IDP_FA,cash_intrant_agri,cash_nourrit,prov_nourrit,21.5%,21.5%,15.9%
secal_13_reponse_1 secal_13_reponse_2 secal_13_reponse_3,Nana_Mambere,retourne,cash_nourrit,cash_intrant_agri,prov_nourrit,26.2%,22.1%,13.6%
secal_13_reponse_1 secal_13_reponse_2 secal_13_reponse_3,Ouham_Pende,hote,cash_intrant_agri,cash_nourrit,prov_nourrit,21.0%,17.3%,15.1%
secal_13_reponse_1 secal_13_reponse_2 secal_13_reponse_3,Ouham_Pende,IDP_FA,cash_nourrit,cash_intrant_agri,prov_intrant_agri,17.5%,16.3%,15.2%
secal_13_reponse_1 secal_13_reponse_2 secal_13_reponse_3,Ouham_Pende,retourne,cash_intrant_agri,cash_nourrit,cash_nfi,20.6%,17.9%,15.9%
secal_13_reponse_1 secal_13_reponse_2 secal_13_reponse_3,Ouham_Pende,rapatrie,cash_nourrit,prov_intrant_agri,cash_nfi,22.2%,20.4%,13.0%
secal_13_reponse_1 secal_13_reponse_2 secal_13_reponse_3,Nana_Gribizi,IDP_site,cash_nourrit,cash_intrant_agri,cash_nfi,31.2%,23.2%,11.9%
secal_13_reponse_1 secal_13_reponse_2 secal_13_reponse_3,Nana_Gribizi,hote,cash_intrant_agri,cash_nourrit,cash_nfi,29.4%,27.2%,17.6%
secal_13_reponse_1 secal_13_reponse_2 secal_13_reponse_3,Nana_Gribizi,IDP_FA,cash_nourrit,cash_intrant_agri,cash_nfi,29.5%,21.1%,20.6%
secal_13_reponse_1 secal_13_reponse_2 secal_13_reponse_3,Nana_Gribizi,retourne,cash_nourrit,cash_intrant_agri,cash_nfi,30.1%,28.9%,13.4%
secal_13_reponse_1 secal_13_reponse_2 secal_13_reponse_3,Mbomou,hote,cash_nourrit,cash_intrant_agri,cash_intrant_elev,20.6%,18.8%,15.8%
secal_13_reponse_1 secal_13_reponse_2 secal_13_reponse_3,Mbomou,retourne,cash_nourrit,cash_intrant_agri,cash_nfi,26.8%,26.4%,16.2%
secal_13_reponse_1 secal_13_reponse_2 secal_13_reponse_3,Mbomou,IDP_site,cash_nourrit,cash_intrant_agri,cash_nfi,29.7%,20.1%,19.2%
secal_13_reponse_1 secal_13_reponse_2 secal_13_reponse_3,Mbomou,IDP_FA,prov_intrant_agri,cash_intrant_elev,cash_nfi,20.9%,16.1%,16.0%
secal_13_reponse_1 secal_13_reponse_2 secal_13_reponse_3,Mambere_Kadei,IDP_FA,cash_nourrit,cash_intrant_agri,cash_nfi,28.3%,24.0%,18.1%
secal_13_reponse_1 secal_13_reponse_2 secal_13_reponse_3,Mambere_Kadei,hote,cash_nourrit,cash_intrant_agri,cash_nfi,27.3%,22.4%,17.3%
secal_13_reponse_1 secal_13_reponse_2 secal_13_reponse_3,Ombella_MPoko,IDP_FA,cash_nourrit,cash_intrant_agri,prov_nourrit,18.6%,18.0%,16.9%
secal_13_reponse_1 secal_13_reponse_2 secal_13_reponse_3,Ombella_MPoko,hote,cash_intrant_agri,prov_intrant_agri,cash_nourrit,17.8%,17.3%,17.1%
secal_13_reponse_1 secal_13_reponse_2 secal_13_reponse_3,Kemo,hote,cash_nourrit,cash_intrant_agri,prov_intrant_agri,22.2%,17.6%,14.6%
secal_13_reponse_1 secal_13_reponse_2 secal_13_reponse_3,Kemo,IDP_FA,cash_nourrit,cash_intrant_agri,prov_intrant_agri,21.1%,17.0%,12.7%
secal_13_reponse_1 secal_13_reponse_2 secal_13_reponse_3,Haut_Mbomou,IDP_site,cash_intrant_agri,cash_nourrit,prov_nourrit,24.2%,14.3%,14.3%
secal_13_reponse_1 secal_13_reponse_2 secal_13_reponse_3,Haut_Mbomou,IDP_FA,cash_nourrit,cash_intrant_agri,prov_nourrit,23.9%,17.4%,14.5%
secal_13_reponse_1 secal_13_reponse_2 secal_13_reponse_3,Haut_Mbomou,hote,prov_nourrit,cash_intrant_agri,cash_nourrit,21.2%,17.3%,13.9%
secal_13_reponse_1 secal_13_reponse_2 secal_13_reponse_3,Haute_Kotto,IDP_FA,cash_nourrit,cash_intrant_agri,cash_nfi,24.0%,19.6%,19.2%
secal_13_reponse_1 secal_13_reponse_2 secal_13_reponse_3,Haute_Kotto,hote,cash_nourrit,cash_nfi,cash_intrant_agri,24.0%,19.4%,15.1%
secal_13_reponse_1 secal_13_reponse_2 secal_13_reponse_3,Haute_Kotto,retourne,cash_nourrit,cash_intrant_agri,cash_intrant_elev,19.1%,18.9%,14.9%
secal_13_reponse_1 secal_13_reponse_2 secal_13_reponse_3,Haute_Kotto,IDP_site,cash_nourrit,cash_intrant_agri,cash_nfi,24.7%,19.7%,17.1%
secal_13_reponse_1 secal_13_reponse_2 secal_13_reponse_3,Lobaye,IDP_FA,cash_nourrit,cash_intrant_agri,cash_nfi,25.4%,20.0%,19.8%
secal_13_reponse_1 secal_13_reponse_2 secal_13_reponse_3,Lobaye,hote,cash_nourrit,cash_intrant_agri,cash_nfi,23.6%,19.2%,16.7%
secal_13_reponse_1 secal_13_reponse_2 secal_13_reponse_3,Haut_Mbomou,retourne,prov_nourrit,cash_intrant_agri,cash_nourrit,22.5%,17.7%,16.6%
secal_13_reponse_1 secal_13_reponse_2 secal_13_reponse_3,Haut_Mbomou,rapatrie,cash_intrant_elev,prov_intrant_elev,cash_nourrit,50.0%,33.3%,16.7%
secal_13_reponse_1 secal_13_reponse_2 secal_13_reponse_3,Mambere_Kadei,retourne,cash_nourrit,cash_intrant_agri,cash_nfi,34.4%,23.4%,18.6%
secal_13_reponse_1 secal_13_reponse_2 secal_13_reponse_3,Mambere_Kadei,rapatrie,cash_nourrit,cash_nfi,prov_nourrit,31.2%,20.3%,16.9%
secal_13_reponse_1 secal_13_reponse_2 secal_13_reponse_3,Sangha_Mbaere,hote,cash_nourrit,cash_intrant_agri,cash_nfi,23.5%,19.0%,15.5%
secal_13_reponse_1 secal_13_reponse_2 secal_13_reponse_3,Sangha_Mbaere,IDP_FA,cash_nourrit,cash_nfi,cash_intrant_agri,31.5%,21.6%,17.1%
sante_7_reponse_1 sante_7_reponse_2 sante_7_reponse_3,Bamingui_Bangoran,retourne,cash_frais_med,prov_medicament,prov_vaccins,17.4%,16.3%,15.4%
sante_7_reponse_1 sante_7_reponse_2 sante_7_reponse_3,Bamingui_Bangoran,hote,acces_transport,cash_frais_med,acces_staff_cs,20.0%,18.0%,15.8%
sante_7_reponse_1 sante_7_reponse_2 sante_7_reponse_3,Bamingui_Bangoran,IDP_site,acces_staff_cs,acces_staff_domicile,prov_medicament,20.8%,13.9%,12.8%
sante_7_reponse_1 sante_7_reponse_2 sante_7_reponse_3,Bamingui_Bangoran,IDP_FA,acces_staff_cs,acces_transport,prov_vaccins,18.5%,17.0%,15.8%
sante_7_reponse_1 sante_7_reponse_2 sante_7_reponse_3,Ouham,hote,cash_frais_med,acces_staff_cs,prov_medicament,19.2%,16.3%,14.2%
sante_7_reponse_1 sante_7_reponse_2 sante_7_reponse_3,Ouham,IDP_site,acces_transport,prov_vaccins,acces_staff_cs,17.3%,15.0%,12.7%
sante_7_reponse_1 sante_7_reponse_2 sante_7_reponse_3,Ouham,IDP_FA,acces_staff_cs,prov_medicament,cash_frais_med,20.0%,18.9%,16.0%
sante_7_reponse_1 sante_7_reponse_2 sante_7_reponse_3,Ouham,retourne,cash_frais_med,prov_medicament,acces_transport,20.4%,20.1%,16.7%
sante_7_reponse_1 sante_7_reponse_2 sante_7_reponse_3,Basse_Kotto,IDP_site,cash_frais_med,prov_medicament,acces_staff_cs,24.2%,19.8%,11.3%
sante_7_reponse_1 sante_7_reponse_2 sante_7_reponse_3,Basse_Kotto,IDP_FA,prov_medicament,acces_staff_cs,cash_frais_med,27.9%,16.1%,12.0%
sante_7_reponse_1 sante_7_reponse_2 sante_7_reponse_3,Basse_Kotto,hote,prov_medicament,acces_staff_cs,cash_frais_med,29.2%,14.4%,12.9%
sante_7_reponse_1 sante_7_reponse_2 sante_7_reponse_3,Basse_Kotto,retourne,prov_medicament,acces_staff_cs,cash_frais_med,24.3%,13.1%,11.7%
sante_7_reponse_1 sante_7_reponse_2 sante_7_reponse_3,Vakaga,hote,prov_medicament,prov_vaccins,acces_staff_cs,24.3%,17.8%,17.4%
sante_7_reponse_1 sante_7_reponse_2 sante_7_reponse_3,Vakaga,IDP_FA,prov_medicament,acces_staff_cs,prov_vaccins,24.5%,20.1%,13.9%
sante_7_reponse_1 sante_7_reponse_2 sante_7_reponse_3,Bangui,hote,acces_staff_cs,prov_medicament,prov_cs_proximite,16.3%,16.3%,15.6%
sante_7_reponse_1 sante_7_reponse_2 sante_7_reponse_3,Bangui,retourne,prov_medicament,prov_cs_proximite,acces_staff_cs,20.3%,15.6%,15.6%
sante_7_reponse_1 sante_7_reponse_2 sante_7_reponse_3,Bangui,IDP_FA,acces_staff_cs,prov_medicament,acces_staff_domicile,16.9%,16.8%,12.3%
sante_7_reponse_1 sante_7_reponse_2 sante_7_reponse_3,Bangui,rapatrie,prov_cs_proximite,acces_staff_domicile,cash_frais_med,33.3%,27.8%,22.2%
sante_7_reponse_1 sante_7_reponse_2 sante_7_reponse_3,Ouaka,IDP_site,prov_medicament,cash_frais_med,acces_staff_cs,21.1%,17.6%,14.6%
sante_7_reponse_1 sante_7_reponse_2 sante_7_reponse_3,Ouaka,IDP_FA,prov_medicament,cash_frais_med,acces_staff_cs,25.0%,18.0%,15.3%
sante_7_reponse_1 sante_7_reponse_2 sante_7_reponse_3,Ouaka,hote,prov_medicament,acces_staff_cs,prov_cs,25.3%,16.2%,11.9%
sante_7_reponse_1 sante_7_reponse_2 sante_7_reponse_3,Ouaka,retourne,prov_medicament,acces_staff_cs,prov_cs_proximite,24.2%,17.2%,11.4%
sante_7_reponse_1 sante_7_reponse_2 sante_7_reponse_3,Nana_Mambere,hote,prov_medicament,cash_frais_med,prov_cs,24.2%,15.9%,11.9%
sante_7_reponse_1 sante_7_reponse_2 sante_7_reponse_3,Nana_Mambere,IDP_FA,cash_frais_med,prov_medicament,acces_transport,21.6%,15.5%,11.2%
sante_7_reponse_1 sante_7_reponse_2 sante_7_reponse_3,Nana_Mambere,retourne,prov_medicament,cash_frais_med,prov_cs,23.1%,20.5%,14.5%
sante_7_reponse_1 sante_7_reponse_2 sante_7_reponse_3,Ouham_Pende,hote,cash_frais_med,prov_medicament,acces_staff_cs,21.1%,20.4%,12.3%
sante_7_reponse_1 sante_7_reponse_2 sante_7_reponse_3,Ouham_Pende,IDP_FA,cash_frais_med,prov_medicament,acces_staff_cs,16.7%,16.6%,11.7%
sante_7_reponse_1 sante_7_reponse_2 sante_7_reponse_3,Ouham_Pende,retourne,prov_medicament,cash_frais_med,acces_transport,24.1%,15.1%,11.7%
sante_7_reponse_1 sante_7_reponse_2 sante_7_reponse_3,Ouham_Pende,rapatrie,prov_cs,prov_medicament,acces_staff_cs,25.6%,20.0%,13.3%
sante_7_reponse_1 sante_7_reponse_2 sante_7_reponse_3,Nana_Gribizi,IDP_site,cash_frais_med,acces_transport,prov_medicament,22.9%,16.2%,13.4%
sante_7_reponse_1 sante_7_reponse_2 sante_7_reponse_3,Nana_Gribizi,hote,prov_medicament,cash_frais_med,acces_staff_cs,20.2%,19.9%,18.1%
sante_7_reponse_1 sante_7_reponse_2 sante_7_reponse_3,Nana_Gribizi,IDP_FA,acces_staff_cs,cash_frais_med,prov_cs_proximite,18.5%,16.8%,14.7%
sante_7_reponse_1 sante_7_reponse_2 sante_7_reponse_3,Nana_Gribizi,retourne,cash_frais_med,prov_medicament,acces_transport,21.3%,20.8%,13.2%
sante_7_reponse_1 sante_7_reponse_2 sante_7_reponse_3,Mbomou,hote,prov_medicament,acces_staff_cs,cash_frais_med,20.9%,20.7%,18.2%
sante_7_reponse_1 sante_7_reponse_2 sante_7_reponse_3,Mbomou,retourne,cash_frais_med,prov_medicament,acces_staff_cs,26.7%,22.5%,20.9%
sante_7_reponse_1 sante_7_reponse_2 sante_7_reponse_3,Mbomou,IDP_site,cash_frais_med,acces_staff_cs,prov_medicament,24.8%,19.2%,14.7%
sante_7_reponse_1 sante_7_reponse_2 sante_7_reponse_3,Mbomou,IDP_FA,prov_medicament,acces_staff_cs,cash_frais_med,26.2%,26.0%,14.7%
sante_7_reponse_1 sante_7_reponse_2 sante_7_reponse_3,Mambere_Kadei,IDP_FA,cash_frais_med,prov_medicament,acces_staff_cs,30.8%,12.7%,11.8%
sante_7_reponse_1 sante_7_reponse_2 sante_7_reponse_3,Mambere_Kadei,hote,cash_frais_med,prov_medicament,acces_transport,26.1%,19.0%,13.5%
sante_7_reponse_1 sante_7_reponse_2 sante_7_reponse_3,Ombella_MPoko,IDP_FA,prov_medicament,prov_cs_proximite,acces_staff_cs,22.7%,17.4%,14.8%
sante_7_reponse_1 sante_7_reponse_2 sante_7_reponse_3,Ombella_MPoko,hote,prov_medicament,acces_staff_cs,prov_cs_proximite,24.9%,14.9%,11.9%
sante_7_reponse_1 sante_7_reponse_2 sante_7_reponse_3,Kemo,hote,cash_frais_med,acces_staff_cs,prov_medicament,17.1%,15.4%,14.8%
sante_7_reponse_1 sante_7_reponse_2 sante_7_reponse_3,Kemo,IDP_FA,cash_frais_med,prov_medicament,acces_staff_cs,16.6%,15.2%,13.7%
sante_7_reponse_1 sante_7_reponse_2 sante_7_reponse_3,Haut_Mbomou,IDP_site,prov_medicament,cash_frais_med,prov_vaccins,29.3%,17.4%,13.3%
sante_7_reponse_1 sante_7_reponse_2 sante_7_reponse_3,Haut_Mbomou,IDP_FA,prov_medicament,cash_frais_med,prov_vaccins,25.0%,24.4%,9.82%
sante_7_reponse_1 sante_7_reponse_2 sante_7_reponse_3,Haut_Mbomou,hote,prov_medicament,cash_frais_med,acces_staff_cs,26.7%,14.3%,12.1%
sante_7_reponse_1 sante_7_reponse_2 sante_7_reponse_3,Haute_Kotto,IDP_FA,prov_medicament,acces_staff_cs,cash_frais_med,19.1%,15.8%,14.4%
sante_7_reponse_1 sante_7_reponse_2 sante_7_reponse_3,Haute_Kotto,hote,prov_medicament,acces_staff_cs,cash_frais_med,18.0%,17.0%,15.6%
sante_7_reponse_1 sante_7_reponse_2 sante_7_reponse_3,Haute_Kotto,retourne,cash_frais_med,prov_medicament,prov_cs_proximite,22.4%,18.3%,8.95%
sante_7_reponse_1 sante_7_reponse_2 sante_7_reponse_3,Haute_Kotto,IDP_site,prov_medicament,cash_frais_med,acces_staff_cs,19.7%,17.8%,12.3%
sante_7_reponse_1 sante_7_reponse_2 sante_7_reponse_3,Lobaye,IDP_FA,prov_medicament,acces_staff_cs,prov_vaccins,21.6%,17.6%,13.5%
sante_7_reponse_1 sante_7_reponse_2 sante_7_reponse_3,Lobaye,hote,cash_frais_med,prov_medicament,acces_staff_cs,17.7%,17.3%,15.6%
sante_7_reponse_1 sante_7_reponse_2 sante_7_reponse_3,Haut_Mbomou,retourne,prov_medicament,cash_frais_med,prov_vaccins,31.5%,20.8%,17.2%
sante_7_reponse_1 sante_7_reponse_2 sante_7_reponse_3,Haut_Mbomou,rapatrie,cash_frais_med,services_FE_FA,prov_medicament,50.0%,33.3%,16.7%
sante_7_reponse_1 sante_7_reponse_2 sante_7_reponse_3,Mambere_Kadei,retourne,cash_frais_med,prov_medicament,acces_transport,28.4%,25.3%,10.7%
sante_7_reponse_1 sante_7_reponse_2 sante_7_reponse_3,Mambere_Kadei,rapatrie,cash_frais_med,prov_medicament,acces_staff_cs,20.8%,14.2%,12.5%
sante_7_reponse_1 sante_7_reponse_2 sante_7_reponse_3,Sangha_Mbaere,hote,prov_medicament,cash_frais_med,acces_transport,19.3%,18.9%,12.6%
sante_7_reponse_1 sante_7_reponse_2 sante_7_reponse_3,Sangha_Mbaere,IDP_FA,cash_frais_med,prov_medicament,prov_cs_proximite,26.8%,11.7%,10.2%
wash_15_insuff_raisons_1 wash_15_insuff_raisons_2 wash_15_insuff_raisons_3,Bamingui_Bangoran,retourne,quantite_insuff,qualite_insuff,hygiene_insuff,32.3%,21.9%,21.8%
wash_15_insuff_raisons_1 wash_15_insuff_raisons_2 wash_15_insuff_raisons_3,Bamingui_Bangoran,hote,quantite_insuff,hygiene_insuff,qualite_insuff,27.9%,23.3%,19.4%
wash_15_insuff_raisons_1 wash_15_insuff_raisons_2 wash_15_insuff_raisons_3,Bamingui_Bangoran,IDP_site,quantite_insuff,hygiene_insuff,qualite_insuff,33.1%,15.1%,11.3%
wash_15_insuff_raisons_1 wash_15_insuff_raisons_2 wash_15_insuff_raisons_3,Bamingui_Bangoran,IDP_FA,quantite_insuff,hygiene_insuff,qualite_insuff,26.3%,22.1%,20.5%
wash_15_insuff_raisons_1 wash_15_insuff_raisons_2 wash_15_insuff_raisons_3,Ouham,hote,quantite_insuff,hygiene_insuff,qualite_insuff,31.4%,17.9%,15.5%
wash_15_insuff_raisons_1 wash_15_insuff_raisons_2 wash_15_insuff_raisons_3,Ouham,IDP_site,quantite_insuff,hygiene_insuff,qualite_insuff,31.5%,18.7%,16.2%
wash_15_insuff_raisons_1 wash_15_insuff_raisons_2 wash_15_insuff_raisons_3,Ouham,IDP_FA,quantite_insuff,qualite_insuff,hygiene_insuff,23.3%,23.0%,19.4%
wash_15_insuff_raisons_1 wash_15_insuff_raisons_2 wash_15_insuff_raisons_3,Ouham,retourne,quantite_insuff,qualite_insuff,hygiene_insuff,34.4%,17.4%,13.1%
wash_15_insuff_raisons_1 wash_15_insuff_raisons_2 wash_15_insuff_raisons_3,Basse_Kotto,IDP_site,quantite_insuff,hygiene_insuff,qualite_insuff,29.3%,21.0%,20.3%
wash_15_insuff_raisons_1 wash_15_insuff_raisons_2 wash_15_insuff_raisons_3,Basse_Kotto,IDP_FA,quantite_insuff,qualite_insuff,mixte,22.4%,18.3%,16.3%
wash_15_insuff_raisons_1 wash_15_insuff_raisons_2 wash_15_insuff_raisons_3,Basse_Kotto,hote,qualite_insuff,hygiene_insuff,quantite_insuff,20.9%,18.2%,17.5%
wash_15_insuff_raisons_1 wash_15_insuff_raisons_2 wash_15_insuff_raisons_3,Basse_Kotto,retourne,qualite_insuff,quantite_insuff,hygiene_insuff,21.2%,20.9%,16.9%
wash_15_insuff_raisons_1 wash_15_insuff_raisons_2 wash_15_insuff_raisons_3,Vakaga,hote,hygiene_insuff,qualite_insuff,quantite_insuff,23.4%,20.3%,15.7%
wash_15_insuff_raisons_1 wash_15_insuff_raisons_2 wash_15_insuff_raisons_3,Vakaga,IDP_FA,qualite_insuff,hygiene_insuff,quantite_insuff,21.9%,18.6%,14.9%
wash_15_insuff_raisons_1 wash_15_insuff_raisons_2 wash_15_insuff_raisons_3,Bangui,hote,hygiene_insuff,quantite_insuff,mixte,26.2%,23.1%,19.8%
wash_15_insuff_raisons_1 wash_15_insuff_raisons_2 wash_15_insuff_raisons_3,Bangui,retourne,quantite_insuff,mixte,hygiene_insuff,28.1%,22.9%,21.6%
wash_15_insuff_raisons_1 wash_15_insuff_raisons_2 wash_15_insuff_raisons_3,Bangui,IDP_FA,hygiene_insuff,quantite_insuff,mixte,25.6%,24.0%,20.7%
wash_15_insuff_raisons_1 wash_15_insuff_raisons_2 wash_15_insuff_raisons_3,Bangui,rapatrie,hygiene_insuff,quantite_insuff,aucune,43.8%,25.0%,18.8%
wash_15_insuff_raisons_1 wash_15_insuff_raisons_2 wash_15_insuff_raisons_3,Ouaka,IDP_site,quantite_insuff,hygiene_insuff,qualite_insuff,32.0%,20.4%,17.6%
wash_15_insuff_raisons_1 wash_15_insuff_raisons_2 wash_15_insuff_raisons_3,Ouaka,IDP_FA,quantite_insuff,hygiene_insuff,qualite_insuff,24.2%,20.4%,16.2%
wash_15_insuff_raisons_1 wash_15_insuff_raisons_2 wash_15_insuff_raisons_3,Ouaka,hote,quantite_insuff,qualite_insuff,hygiene_insuff,22.8%,19.3%,19.2%
wash_15_insuff_raisons_1 wash_15_insuff_raisons_2 wash_15_insuff_raisons_3,Ouaka,retourne,quantite_insuff,qualite_insuff,hygiene_insuff,27.0%,18.0%,16.3%
wash_15_insuff_raisons_1 wash_15_insuff_raisons_2 wash_15_insuff_raisons_3,Nana_Mambere,hote,quantite_insuff,hygiene_insuff,qualite_insuff,22.3%,19.3%,15.6%
wash_15_insuff_raisons_1 wash_15_insuff_raisons_2 wash_15_insuff_raisons_3,Nana_Mambere,IDP_FA,hygiene_insuff,quantite_insuff,aucune,21.6%,17.7%,13.0%
wash_15_insuff_raisons_1 wash_15_insuff_raisons_2 wash_15_insuff_raisons_3,Nana_Mambere,retourne,quantite_insuff,hygiene_insuff,qualite_insuff,23.7%,21.4%,20.1%
wash_15_insuff_raisons_1 wash_15_insuff_raisons_2 wash_15_insuff_raisons_3,Ouham_Pende,hote,quantite_insuff,hygiene_insuff,qualite_insuff,24.4%,22.4%,18.6%
wash_15_insuff_raisons_1 wash_15_insuff_raisons_2 wash_15_insuff_raisons_3,Ouham_Pende,IDP_FA,quantite_insuff,hygiene_insuff,mixte,25.7%,22.3%,17.5%
wash_15_insuff_raisons_1 wash_15_insuff_raisons_2 wash_15_insuff_raisons_3,Ouham_Pende,retourne,quantite_insuff,hygiene_insuff,qualite_insuff,30.7%,19.6%,14.5%
wash_15_insuff_raisons_1 wash_15_insuff_raisons_2 wash_15_insuff_raisons_3,Ouham_Pende,rapatrie,quantite_insuff,qualite_insuff,trop_loin,27.9%,17.4%,16.3%
wash_15_insuff_raisons_1 wash_15_insuff_raisons_2 wash_15_insuff_raisons_3,Nana_Gribizi,IDP_site,quantite_insuff,qualite_insuff,hygiene_insuff,28.8%,20.8%,18.7%
wash_15_insuff_raisons_1 wash_15_insuff_raisons_2 wash_15_insuff_raisons_3,Nana_Gribizi,hote,hygiene_insuff,quantite_insuff,mixte,21.1%,21.0%,18.8%
wash_15_insuff_raisons_1 wash_15_insuff_raisons_2 wash_15_insuff_raisons_3,Nana_Gribizi,IDP_FA,quantite_insuff,qualite_insuff,hygiene_insuff,27.4%,15.6%,15.1%
wash_15_insuff_raisons_1 wash_15_insuff_raisons_2 wash_15_insuff_raisons_3,Nana_Gribizi,retourne,quantite_insuff,qualite_insuff,hygiene_insuff,22.3%,21.0%,16.5%
wash_15_insuff_raisons_1 wash_15_insuff_raisons_2 wash_15_insuff_raisons_3,Mbomou,hote,quantite_insuff,hygiene_insuff,mixte,26.1%,21.9%,18.4%
wash_15_insuff_raisons_1 wash_15_insuff_raisons_2 wash_15_insuff_raisons_3,Mbomou,retourne,quantite_insuff,hygiene_insuff,qualite_insuff,25.4%,21.9%,17.4%
wash_15_insuff_raisons_1 wash_15_insuff_raisons_2 wash_15_insuff_raisons_3,Mbomou,IDP_site,quantite_insuff,hygiene_insuff,mixte,38.6%,23.2%,13.7%
wash_15_insuff_raisons_1 wash_15_insuff_raisons_2 wash_15_insuff_raisons_3,Mbomou,IDP_FA,quantite_insuff,hygiene_insuff,qualite_insuff,30.0%,21.1%,17.9%
wash_15_insuff_raisons_1 wash_15_insuff_raisons_2 wash_15_insuff_raisons_3,Mambere_Kadei,IDP_FA,hygiene_insuff,quantite_insuff,mixte,26.8%,21.2%,20.4%
wash_15_insuff_raisons_1 wash_15_insuff_raisons_2 wash_15_insuff_raisons_3,Mambere_Kadei,hote,hygiene_insuff,quantite_insuff,mixte,24.9%,21.9%,17.7%
wash_15_insuff_raisons_1 wash_15_insuff_raisons_2 wash_15_insuff_raisons_3,Ombella_MPoko,IDP_FA,quantite_insuff,hygiene_insuff,mixte,22.3%,21.7%,18.3%
wash_15_insuff_raisons_1 wash_15_insuff_raisons_2 wash_15_insuff_raisons_3,Ombella_MPoko,hote,hygiene_insuff,quantite_insuff,mixte,26.5%,23.0%,19.4%
wash_15_insuff_raisons_1 wash_15_insuff_raisons_2 wash_15_insuff_raisons_3,Kemo,hote,quantite_insuff,hygiene_insuff,qualite_insuff,23.1%,23.1%,17.7%
wash_15_insuff_raisons_1 wash_15_insuff_raisons_2 wash_15_insuff_raisons_3,Kemo,IDP_FA,quantite_insuff,hygiene_insuff,qualite_insuff,23.9%,23.0%,18.6%
wash_15_insuff_raisons_1 wash_15_insuff_raisons_2 wash_15_insuff_raisons_3,Haut_Mbomou,IDP_site,quantite_insuff,hygiene_insuff,qualite_insuff,29.3%,24.6%,16.5%
wash_15_insuff_raisons_1 wash_15_insuff_raisons_2 wash_15_insuff_raisons_3,Haut_Mbomou,IDP_FA,quantite_insuff,hygiene_insuff,mixte,28.5%,19.2%,16.3%
wash_15_insuff_raisons_1 wash_15_insuff_raisons_2 wash_15_insuff_raisons_3,Haut_Mbomou,hote,quantite_insuff,hygiene_insuff,qualite_insuff,26.8%,24.1%,18.5%
wash_15_insuff_raisons_1 wash_15_insuff_raisons_2 wash_15_insuff_raisons_3,Haute_Kotto,IDP_FA,quantite_insuff,hygiene_insuff,qualite_insuff,27.1%,23.5%,15.0%
wash_15_insuff_raisons_1 wash_15_insuff_raisons_2 wash_15_insuff_raisons_3,Haute_Kotto,hote,quantite_insuff,hygiene_insuff,qualite_insuff,26.8%,21.7%,12.9%
wash_15_insuff_raisons_1 wash_15_insuff_raisons_2 wash_15_insuff_raisons_3,Haute_Kotto,retourne,quantite_insuff,hygiene_insuff,qualite_insuff,26.2%,24.6%,12.8%
wash_15_insuff_raisons_1 wash_15_insuff_raisons_2 wash_15_insuff_raisons_3,Haute_Kotto,IDP_site,quantite_insuff,hygiene_insuff,mixte,35.0%,21.5%,11.2%
wash_15_insuff_raisons_1 wash_15_insuff_raisons_2 wash_15_insuff_raisons_3,Lobaye,IDP_FA,quantite_insuff,hygiene_insuff,mixte,27.0%,26.9%,16.9%
wash_15_insuff_raisons_1 wash_15_insuff_raisons_2 wash_15_insuff_raisons_3,Lobaye,hote,hygiene_insuff,quantite_insuff,mixte,24.0%,20.7%,20.1%
wash_15_insuff_raisons_1 wash_15_insuff_raisons_2 wash_15_insuff_raisons_3,Haut_Mbomou,retourne,hygiene_insuff,quantite_insuff,qualite_insuff,24.2%,24.2%,18.2%
wash_15_insuff_raisons_1 wash_15_insuff_raisons_2 wash_15_insuff_raisons_3,Haut_Mbomou,rapatrie,quantite_insuff,hygiene_insuff,mixte,50.0%,33.3%,16.7%
wash_15_insuff_raisons_1 wash_15_insuff_raisons_2 wash_15_insuff_raisons_3,Mambere_Kadei,retourne,quantite_insuff,hygiene_insuff,mixte,29.4%,24.9%,13.9%
wash_15_insuff_raisons_1 wash_15_insuff_raisons_2 wash_15_insuff_raisons_3,Mambere_Kadei,rapatrie,hygiene_insuff,quantite_insuff,qualite_insuff,30.2%,16.2%,12.2%
wash_15_insuff_raisons_1 wash_15_insuff_raisons_2 wash_15_insuff_raisons_3,Sangha_Mbaere,hote,hygiene_insuff,mixte,quantite_insuff,26.5%,22.7%,17.9%
wash_15_insuff_raisons_1 wash_15_insuff_raisons_2 wash_15_insuff_raisons_3,Sangha_Mbaere,IDP_FA,hygiene_insuff,mixte,quantite_insuff,25.8%,23.5%,20.6%
